fips,county,indicator,year,sex,age,count,population,rate,ci,ageAdjust,aci 
27000,Minnesota,Hospitalizations,2013-2015,All,All ages,9378,16367260,5.7,(5.6 - 5.8),5.6,(5.5 - 5.7)
27000,Minnesota,Hospitalizations,2015-2017,All,All ages,6341,16578993,3.8,(3.7 - 3.9),3.8,(3.7 - 3.9)
27000,Minnesota,Hospitalizations,2016-2018,All,All ages,5520,16702743,3.3,(3.2 - 3.4),3.4,(3.3 - 3.5)
27000,Minnesota,Hospitalizations,2017-2019,All,All ages,5439,16818966,3.2,(3.1 - 3.3),3.3,(3.2 - 3.4)
27000,Minnesota,Hospitalizations,2018-2020,All,All ages,4688,16908513,2.8,(2.7 - 2.9),2.8,(2.7 - 2.9)
27001,Aitkin,Hospitalizations,2013-2015,All,All ages,21,47155,4.5,(2.8 - 6.8),4.2,(2.4 - 6.8)
27001,Aitkin,Hospitalizations,2015-2017,All,All ages,14.8,46069,3.2 (UR),(1.8 - 5.3),3.7 (UR),(1.8 - 6.6)
27001,Aitkin,Hospitalizations,2016-2018,All,All ages,14.5,46342,3.1 (UR),(1.7 - 5.2),4.2 (UR),(2.1 - 7.3)
27001,Aitkin,Hospitalizations,2017-2019,All,All ages,10.5,46968,2.2 (UR),(1.1 - 4.1),2.9 (UR),(1.3 - 5.6)
27001,Aitkin,Hospitalizations,2018-2020,All,All ages,9,47562,1.9 (UR),(0.9 - 3.6),2.0 (UR),(0.8 - 4.3)
27003,Anoka,Hospitalizations,2013-2015,All,All ages,580,1024920,5.7,(5.2 - 6.1),5.8,(5.3 - 6.3)
27003,Anoka,Hospitalizations,2015-2017,All,All ages,364.5,1025246,3.6,(3.2 - 3.9),3.9,(3.5 - 4.3)
27003,Anoka,Hospitalizations,2016-2018,All,All ages,295,1040812,2.8,(2.5 - 3.2),3.2,(2.8 - 3.6)
27003,Anoka,Hospitalizations,2017-2019,All,All ages,297.6,1049392,2.8,(2.5 - 3.2),3,(2.7 - 3.4)
27003,Anoka,Hospitalizations,2018-2020,All,All ages,262,1057841,2.5,(2.2 - 2.8),2.6,(2.2 - 2.9)
27005,Becker,Hospitalizations,2013-2015,All,All ages,57,99846,5.7,(4.3 - 7.4),4.8,(3.5 - 6.3)
27005,Becker,Hospitalizations,2015-2017,All,All ages,37.2,99129,3.7,(2.6 - 5.2),3.9,(2.6 - 5.5)
27005,Becker,Hospitalizations,2016-2018,All,All ages,34.5,100514,3.4,(2.4 - 4.8),3.7,(2.5 - 5.2)
27005,Becker,Hospitalizations,2017-2019,All,All ages,35.7,101633,3.5,(2.5 - 4.9),3.8,(2.7 - 5.3)
27005,Becker,Hospitalizations,2018-2020,All,All ages,26,102609,2.5,(1.7 - 3.7),2.8,(1.8 - 4.1)
27007,Beltrami,Hospitalizations,2013-2015,All,All ages,98,136845,7.2,(5.8 - 8.7),6.6,(5.3 - 8.0)
27007,Beltrami,Hospitalizations,2015-2017,All,All ages,89,135755,6.6,(5.3 - 8.1),6.4,(5.1 - 8.0)
27007,Beltrami,Hospitalizations,2016-2018,All,All ages,75.2,137669,5.5,(4.3 - 6.8),5.6,(4.4 - 7.1)
27007,Beltrami,Hospitalizations,2017-2019,All,All ages,73.8,138869,5.3,(4.2 - 6.7),5.2,(4.1 - 6.6)
27007,Beltrami,Hospitalizations,2018-2020,All,All ages,55,140034,3.9,(3.0 - 5.1),3.8,(2.9 - 5.0)
27009,Benton,Hospitalizations,2013-2015,All,All ages,126,118380,10.6,(8.8 - 12.5),10.6,(8.7 - 12.5)
27009,Benton,Hospitalizations,2015-2017,All,All ages,47.9,117681,4.1,(3.0 - 5.4),4.2,(3.1 - 5.7)
27009,Benton,Hospitalizations,2016-2018,All,All ages,31,118983,2.6,(1.8 - 3.7),2.8,(1.9 - 4.1)
27009,Benton,Hospitalizations,2017-2019,All,All ages,36,120122,3,(2.1 - 4.1),3.2,(2.2 - 4.5)
27009,Benton,Hospitalizations,2018-2020,All,All ages,37,121150,3.1,(2.2 - 4.2),3.2,(2.3 - 4.4)
27011,Big Stone,Hospitalizations,2013-2015,All,All ages,*,15279,*,*,*,*
27011,Big Stone,Hospitalizations,2015-2017,All,All ages,*,14663,*,*,*,*
27011,Big Stone,Hospitalizations,2016-2018,All,All ages,*,14619,*,*,*,*
27011,Big Stone,Hospitalizations,2017-2019,All,All ages,*,14809,*,*,*,*
27011,Big Stone,Hospitalizations,2018-2020,All,All ages,*,14959,*,*,*,*
27013,Blue Earth,Hospitalizations,2013-2015,All,All ages,71,196207,3.6,(2.8 - 4.6),3.9,(3.0 - 5.0)
27013,Blue Earth,Hospitalizations,2015-2017,All,All ages,55.2,195682,2.8,(2.1 - 3.7),3.2,(2.4 - 4.3)
27013,Blue Earth,Hospitalizations,2016-2018,All,All ages,55.8,198426,2.8,(2.1 - 3.7),3.2,(2.4 - 4.1)
27013,Blue Earth,Hospitalizations,2017-2019,All,All ages,57.4,199979,2.9 (UR),(2.2 - 3.7),3.3 (UR),(2.5 - 4.3)
27013,Blue Earth,Hospitalizations,2018-2020,All,All ages,56,201590,2.8,(2.1 - 3.6),3.1,(2.3 - 4.1)
27015,Brown,Hospitalizations,2013-2015,All,All ages,35,75883,4.6,(3.2 - 6.4),4.4,(3.0 - 6.3)
27015,Brown,Hospitalizations,2015-2017,All,All ages,20.3,74285,2.7 (UR),(1.7 - 4.2),2.9 (UR),(1.7 - 4.5)
27015,Brown,Hospitalizations,2016-2018,All,All ages,19.5,74072,2.6 (UR),(1.6 - 4.1),2.9 (UR),(1.7 - 4.5)
27015,Brown,Hospitalizations,2017-2019,All,All ages,16.4,74715,2.2 (UR),(1.3 - 3.5),2.3 (UR),(1.3 - 3.8)
27015,Brown,Hospitalizations,2018-2020,All,All ages,15,75350,2.0 (UR),(1.1 - 3.3),2.2 (UR),(1.2 - 3.6)
27017,Carlton,Hospitalizations,2013-2015,All,All ages,49,106407,4.6,(3.4 - 6.1),4.2,(3.1 - 5.6)
27017,Carlton,Hospitalizations,2015-2017,All,All ages,29.4,105141,2.8,(1.9 - 4.0),2.9,(1.9 - 4.2)
27017,Carlton,Hospitalizations,2016-2018,All,All ages,27.4,105337,2.6,(1.7 - 3.8),2.6,(1.7 - 3.8)
27017,Carlton,Hospitalizations,2017-2019,All,All ages,21.7,106216,2,(1.3 - 3.1),2.1,(1.3 - 3.2)
27017,Carlton,Hospitalizations,2018-2020,All,All ages,23,107179,2.1,(1.4 - 3.2),2.1,(1.3 - 3.1)
27019,Carver,Hospitalizations,2013-2015,All,All ages,107,291808,3.7,(3.0 - 4.4),3.7,(3.0 - 4.4)
27019,Carver,Hospitalizations,2015-2017,All,All ages,64.3,295165,2.2,(1.7 - 2.8),2.7,(1.9 - 3.7)
27019,Carver,Hospitalizations,2016-2018,All,All ages,69.5,303487,2.3,(1.8 - 2.9),2.7,(2.0 - 3.6)
27019,Carver,Hospitalizations,2017-2019,All,All ages,74.4,306327,2.4 (UR),(1.9 - 3.0),2.7 (UR),(2.1 - 3.4)
27019,Carver,Hospitalizations,2018-2020,All,All ages,70,309061,2.3,(1.8 - 2.9),2.4,(1.9 - 3.1)
27021,Cass,Hospitalizations,2013-2015,All,All ages,64,85786,7.5,(5.7 - 9.5),8,(6.0 - 10.5)
27021,Cass,Hospitalizations,2015-2017,All,All ages,47.2,84860,5.6,(4.1 - 7.4),6.7,(4.8 - 9.1)
27021,Cass,Hospitalizations,2016-2018,All,All ages,28.9,86278,3.4,(2.2 - 4.8),4.2,(2.7 - 6.2)
27021,Cass,Hospitalizations,2017-2019,All,All ages,18.5,87335,2.1 (UR),(1.3 - 3.3),2.5 (UR),(1.5 - 4.1)
27021,Cass,Hospitalizations,2018-2020,All,All ages,15,88249,1.7 (UR),(1.0 - 2.8),2.4 (UR),(1.3 - 4.0)
27023,Chippewa,Hospitalizations,2013-2015,All,All ages,11,36293,3.0 (UR),(1.5 - 5.4),2.8 (UR),(1.3 - 5.1)
27023,Chippewa,Hospitalizations,2015-2017,All,All ages,*,35700,*,*,*,*
27023,Chippewa,Hospitalizations,2016-2018,All,All ages,8.9,35270,2.5 (UR),(1.1 - 4.8),2.5 (UR),(1.1 - 4.9)
27023,Chippewa,Hospitalizations,2017-2019,All,All ages,9.4,35521,2.6 (UR),(1.2 - 4.9),2.8 (UR),(1.2 - 5.4)
27023,Chippewa,Hospitalizations,2018-2020,All,All ages,8,35753,2.2 (UR),(1.0 - 4.4),2.4 (UR),(1.0 - 4.9)
27025,Chisago,Hospitalizations,2013-2015,All,All ages,74,161949,4.6,(3.6 - 5.7),4.5,(3.5 - 5.7)
27025,Chisago,Hospitalizations,2015-2017,All,All ages,42.3,161614,2.6,(1.9 - 3.5),2.7,(1.9 - 3.8)
27025,Chisago,Hospitalizations,2016-2018,All,All ages,28.2,163911,1.7,(1.1 - 2.5),1.8,(1.2 - 2.6)
27025,Chisago,Hospitalizations,2017-2019,All,All ages,32.7,165539,2,(1.4 - 2.8),2.1,(1.4 - 3.0)
27025,Chisago,Hospitalizations,2018-2020,All,All ages,32,167081,1.9,(1.3 - 2.7),2.1,(1.4 - 2.9)
27027,Clay,Hospitalizations,2013-2015,All,All ages,124,184211,6.7,(5.5 - 7.9),7.1,(5.8 - 8.3)
27027,Clay,Hospitalizations,2015-2017,All,All ages,79.8,184746,4.3,(3.4 - 5.4),4.5,(3.5 - 5.7)
27027,Clay,Hospitalizations,2016-2018,All,All ages,67.7,188308,3.6,(2.8 - 4.6),3.7,(2.9 - 4.8)
27027,Clay,Hospitalizations,2017-2019,All,All ages,77.7,189933,4.1 (UR),(3.2 - 5.1),4.2 (UR),(3.3 - 5.3)
27027,Clay,Hospitalizations,2018-2020,All,All ages,66,191430,3.4,(2.7 - 4.4),3.6,(2.7 - 4.5)
27029,Clearwater,Hospitalizations,2013-2015,All,All ages,16,26378,6.1 (UR),(3.5 - 9.9),5.2 (UR),(2.9 - 8.6)
27029,Clearwater,Hospitalizations,2015-2017,All,All ages,12.2,25968,4.7 (UR),(2.5 - 8.2),4.6 (UR),(2.3 - 8.1)
27029,Clearwater,Hospitalizations,2016-2018,All,All ages,6.2,25971,2.4 (UR),(0.9 - 5.2),2.6 (UR),(1.0 - 5.6)
27029,Clearwater,Hospitalizations,2017-2019,All,All ages,10.3,26213,3.9 (UR),(1.9 - 7.2),3.9 (UR),(1.8 - 7.2)
27029,Clearwater,Hospitalizations,2018-2020,All,All ages,6,26503,2.3 (UR),(0.8 - 4.9),2.0 (UR),(0.7 - 4.6)
27031,Cook,Hospitalizations,2013-2015,All,All ages,*,15585,*,*,*,*
27031,Cook,Hospitalizations,2015-2017,All,All ages,6,15474,3.9 (UR),(1.4 - 8.4),3.6 (UR),(1.1 - 8.6)
27031,Cook,Hospitalizations,2016-2018,All,All ages,8,15794,5.1 (UR),(2.2 - 10.0),5.3 (UR),(2.1 - 11.3)
27031,Cook,Hospitalizations,2017-2019,All,All ages,7,16011,4.4 (UR),(1.8 - 9.0),5.6 (UR),(2.1 - 11.9)
27031,Cook,Hospitalizations,2018-2020,All,All ages,*,16171,*,*,*,*
27033,Cottonwood,Hospitalizations,2013-2015,All,All ages,10,34775,2.9 (UR),(1.4 - 5.3),2.4 (UR),(1.1 - 4.6)
27033,Cottonwood,Hospitalizations,2015-2017,All,All ages,*,33640,*,*,*,*
27033,Cottonwood,Hospitalizations,2016-2018,All,All ages,*,33184,*,*,*,*
27033,Cottonwood,Hospitalizations,2017-2019,All,All ages,9.2,33486,2.7 (UR),(1.3 - 5.2),2.4 (UR),(1.0 - 4.7)
27033,Cottonwood,Hospitalizations,2018-2020,All,All ages,7,33855,2.1 (UR),(0.8 - 4.3),1.7 (UR),(0.6 - 3.6)
27035,Crow Wing,Hospitalizations,2013-2015,All,All ages,83,189723,4.4,(3.5 - 5.4),4,(3.2 - 5.1)
27035,Crow Wing,Hospitalizations,2015-2017,All,All ages,43.9,187606,2.3,(1.7 - 3.1),2.3,(1.6 - 3.2)
27035,Crow Wing,Hospitalizations,2016-2018,All,All ages,31.6,189695,1.7,(1.1 - 2.4),1.6,(1.1 - 2.3)
27035,Crow Wing,Hospitalizations,2017-2019,All,All ages,33.7,191775,1.8,(1.2 - 2.5),1.7,(1.1 - 2.4)
27035,Crow Wing,Hospitalizations,2018-2020,All,All ages,33,193881,1.7,(1.2 - 2.4),1.5,(1.0 - 2.2)
27037,Dakota,Hospitalizations,2013-2015,All,All ages,608,1235376,4.9,(4.5 - 5.3),4.9,(4.5 - 5.3)
27037,Dakota,Hospitalizations,2015-2017,All,All ages,458.3,1233836,3.7,(3.4 - 4.1),4,(3.6 - 4.4)
27037,Dakota,Hospitalizations,2016-2018,All,All ages,433.6,1252531,3.5,(3.1 - 3.8),3.6,(3.3 - 4.0)
27037,Dakota,Hospitalizations,2017-2019,All,All ages,439,1262418,3.5 (UR),(3.2 - 3.8),3.6 (UR),(3.2 - 3.9)
27037,Dakota,Hospitalizations,2018-2020,All,All ages,396,1272147,3.1,(2.8 - 3.4),3.1,(2.8 - 3.4)
27039,Dodge,Hospitalizations,2013-2015,All,All ages,22,61022,3.6,(2.3 - 5.5),3.6,(2.2 - 5.5)
27039,Dodge,Hospitalizations,2015-2017,All,All ages,9.1,60638,1.5 (UR),(0.7 - 2.8),1.4 (UR),(0.6 - 2.7)
27039,Dodge,Hospitalizations,2016-2018,All,All ages,11.3,61390,1.8 (UR),(0.9 - 3.3),2.1 (UR),(0.9 - 4.0)
27039,Dodge,Hospitalizations,2017-2019,All,All ages,13.3,61863,2.1 (UR),(1.2 - 3.6),2.2 (UR),(1.2 - 3.8)
27039,Dodge,Hospitalizations,2018-2020,All,All ages,12,62298,1.9 (UR),(1.0 - 3.4),2.0 (UR),(1.1 - 3.6)
27041,Douglas,Hospitalizations,2013-2015,All,All ages,51,110418,4.6,(3.4 - 6.1),3.3,(2.4 - 4.4)
27041,Douglas,Hospitalizations,2015-2017,All,All ages,22.9,109208,2.1,(1.3 - 3.2),1.5,(0.9 - 2.3)
27041,Douglas,Hospitalizations,2016-2018,All,All ages,14.9,110548,1.3 (UR),(0.8 - 2.2),1.2 (UR),(0.6 - 2.1)
27041,Douglas,Hospitalizations,2017-2019,All,All ages,24.5,111951,2.2 (UR),(1.4 - 3.2),2.1 (UR),(1.3 - 3.2)
27041,Douglas,Hospitalizations,2018-2020,All,All ages,21,113297,1.9,(1.1 - 2.8),1.9,(1.1 - 3.0)
27043,Faribault,Hospitalizations,2013-2015,All,All ages,22,42376,5.2,(3.3 - 7.9),4.1,(2.4 - 6.4)
27043,Faribault,Hospitalizations,2015-2017,All,All ages,9.6,41035,2.3 (UR),(1.1 - 4.4),2.1 (UR),(0.9 - 4.3)
27043,Faribault,Hospitalizations,2016-2018,All,All ages,*,40463,*,*,*,*
27043,Faribault,Hospitalizations,2017-2019,All,All ages,10.6,40859,2.6 (UR),(1.3 - 4.7),2.9 (UR),(1.4 - 5.4)
27043,Faribault,Hospitalizations,2018-2020,All,All ages,12,41286,2.9 (UR),(1.5 - 5.1),3.2 (UR),(1.6 - 5.8)
27045,Fillmore,Hospitalizations,2013-2015,All,All ages,19,62463,3.0 (UR),(1.8 - 4.8),2.4 (UR),(1.4 - 3.9)
27045,Fillmore,Hospitalizations,2015-2017,All,All ages,18.3,61449,3.0 (UR),(1.8 - 4.7),2.4 (UR),(1.4 - 4.0)
27045,Fillmore,Hospitalizations,2016-2018,All,All ages,15.3,61801,2.5 (UR),(1.4 - 4.1),2.3 (UR),(1.2 - 3.9)
27045,Fillmore,Hospitalizations,2017-2019,All,All ages,12.6,62418,2.0 (UR),(1.1 - 3.5),1.8 (UR),(0.9 - 3.2)
27045,Fillmore,Hospitalizations,2018-2020,All,All ages,12,63038,1.9 (UR),(1.0 - 3.3),1.7 (UR),(0.8 - 3.1)
27047,Freeborn,Hospitalizations,2013-2015,All,All ages,24,92348,2.6,(1.7 - 3.9),2.6,(1.6 - 4.0)
27047,Freeborn,Hospitalizations,2015-2017,All,All ages,17.3,89802,1.9 (UR),(1.1 - 3.1),2.0 (UR),(1.1 - 3.2)
27047,Freeborn,Hospitalizations,2016-2018,All,All ages,21,89489,2.3,(1.5 - 3.6),2.5,(1.5 - 3.9)
27047,Freeborn,Hospitalizations,2017-2019,All,All ages,24.9,90486,2.8,(1.8 - 4.1),2.8,(1.8 - 4.2)
27047,Freeborn,Hospitalizations,2018-2020,All,All ages,23,91372,2.5,(1.6 - 3.8),2.5,(1.5 - 3.8)
27049,Goodhue,Hospitalizations,2013-2015,All,All ages,68,139205,4.9,(3.8 - 6.2),4.6,(3.5 - 5.9)
27049,Goodhue,Hospitalizations,2015-2017,All,All ages,28.4,137020,2.1,(1.4 - 3.0),2.1,(1.4 - 3.1)
27049,Goodhue,Hospitalizations,2016-2018,All,All ages,24.4,136839,1.8,(1.1 - 2.6),1.9,(1.2 - 2.8)
27049,Goodhue,Hospitalizations,2017-2019,All,All ages,28.2,137895,2,(1.4 - 2.9),2.2,(1.5 - 3.2)
27049,Goodhue,Hospitalizations,2018-2020,All,All ages,20,138979,1.4 (UR),(0.9 - 2.2),1.7 (UR),(1.0 - 2.6)
27051,Grant,Hospitalizations,2013-2015,All,All ages,*,17857,*,*,*,*
27051,Grant,Hospitalizations,2015-2017,All,All ages,*,17410,*,*,*,*
27051,Grant,Hospitalizations,2016-2018,All,All ages,*,17552,*,*,*,*
27051,Grant,Hospitalizations,2017-2019,All,All ages,*,17719,*,*,*,*
27051,Grant,Hospitalizations,2018-2020,All,All ages,*,17918,*,*,*,*
27053,Hennepin,Hospitalizations,2013-2015,All,All ages,2817,3634827,7.8,(7.5 - 8.0),7.8,(7.5 - 8.1)
27053,Hennepin,Hospitalizations,2015-2017,All,All ages,1913,3639344,5.3,(5.0 - 5.5),5.6,(5.4 - 5.9)
27053,Hennepin,Hospitalizations,2016-2018,All,All ages,1674.5,3705603,4.5,(4.3 - 4.7),4.8,(4.6 - 5.1)
27053,Hennepin,Hospitalizations,2017-2019,All,All ages,1556,3734409,4.2,(4.0 - 4.4),4.3,(4.1 - 4.6)
27053,Hennepin,Hospitalizations,2018-2020,All,All ages,1292,3760561,3.4,(3.2 - 3.6),3.6,(3.4 - 3.8)
27055,Houston,Hospitalizations,2013-2015,All,All ages,*,56330,*,*,*,*
27055,Houston,Hospitalizations,2015-2017,All,All ages,0,55298,0.1 (UR),(0.0 - 0.8),0.0 (UR),(0.0 - 0.0)
27055,Houston,Hospitalizations,2016-2018,All,All ages,*,54890,*,*,*,*
27055,Houston,Hospitalizations,2017-2019,All,All ages,*,55372,*,*,*,*
27055,Houston,Hospitalizations,2018-2020,All,All ages,*,56093,*,*,*,*
27057,Hubbard,Hospitalizations,2013-2015,All,All ages,20,61931,3.2 (UR),(2.0 - 5.0),2.7 (UR),(1.6 - 4.4)
27057,Hubbard,Hospitalizations,2015-2017,All,All ages,21.5,60863,3.5,(2.2 - 5.4),4,(2.4 - 6.4)
27057,Hubbard,Hospitalizations,2016-2018,All,All ages,13.2,61759,2.1 (UR),(1.1 - 3.6),2.7 (UR),(1.4 - 4.7)
27057,Hubbard,Hospitalizations,2017-2019,All,All ages,9.1,62705,1.5 (UR),(0.7 - 2.7),1.9 (UR),(0.8 - 3.6)
27057,Hubbard,Hospitalizations,2018-2020,All,All ages,*,63638,*,*,*,*
27059,Isanti,Hospitalizations,2013-2015,All,All ages,44,114998,3.8,(2.8 - 5.1),3.7,(2.7 - 5.0)
27059,Isanti,Hospitalizations,2015-2017,All,All ages,28.3,114670,2.5,(1.6 - 3.6),2.6,(1.7 - 3.8)
27059,Isanti,Hospitalizations,2016-2018,All,All ages,18.3,116877,1.6 (UR),(0.9 - 2.5),1.6 (UR),(0.9 - 2.5)
27059,Isanti,Hospitalizations,2017-2019,All,All ages,20.5,118232,1.7,(1.1 - 2.7),1.8,(1.1 - 2.8)
27059,Isanti,Hospitalizations,2018-2020,All,All ages,16,119400,1.3 (UR),(0.8 - 2.2),1.3 (UR),(0.7 - 2.2)
27061,Itasca,Hospitalizations,2013-2015,All,All ages,106,136407,7.8,(6.3 - 9.3),7.3,(5.8 - 8.7)
27061,Itasca,Hospitalizations,2015-2017,All,All ages,46.5,133563,3.5,(2.6 - 4.6),3.4,(2.4 - 4.6)
27061,Itasca,Hospitalizations,2016-2018,All,All ages,31,133136,2.3,(1.6 - 3.3),2.4,(1.6 - 3.4)
27061,Itasca,Hospitalizations,2017-2019,All,All ages,31.3,134260,2.3,(1.6 - 3.3),2.3,(1.5 - 3.3)
27061,Itasca,Hospitalizations,2018-2020,All,All ages,33,135429,2.4,(1.7 - 3.4),2.6,(1.7 - 3.7)
27063,Jackson,Hospitalizations,2013-2015,All,All ages,18,30580,5.9 (UR),(3.5 - 9.3),5.7 (UR),(3.3 - 9.2)
27063,Jackson,Hospitalizations,2015-2017,All,All ages,10.8,29507,3.7 (UR),(1.8 - 6.6),4.2 (UR),(2.0 - 7.7)
27063,Jackson,Hospitalizations,2016-2018,All,All ages,*,29227,*,*,*,*
27063,Jackson,Hospitalizations,2017-2019,All,All ages,*,29534,*,*,*,*
27063,Jackson,Hospitalizations,2018-2020,All,All ages,6,29738,2.0 (UR),(0.7 - 4.4),1.9 (UR),(0.6 - 4.4)
27065,Kanabec,Hospitalizations,2013-2015,All,All ages,60,47793,12.6,(9.6 - 16.2),11.9,(9.0 - 15.6)
27065,Kanabec,Hospitalizations,2015-2017,All,All ages,35.5,46812,7.6,(5.3 - 10.5),9.1,(6.2 - 12.9)
27065,Kanabec,Hospitalizations,2016-2018,All,All ages,32.2,47373,6.8,(4.6 - 9.6),8.2,(5.5 - 11.7)
27065,Kanabec,Hospitalizations,2017-2019,All,All ages,30.3,47947,6.3,(4.3 - 9.0),7.4,(4.9 - 10.7)
27065,Kanabec,Hospitalizations,2018-2020,All,All ages,20,48501,4.1 (UR),(2.5 - 6.4),5.1 (UR),(3.1 - 8.1)
27067,Kandiyohi,Hospitalizations,2013-2015,All,All ages,45,127519,3.5,(2.6 - 4.7),3.5,(2.5 - 4.8)
27067,Kandiyohi,Hospitalizations,2015-2017,All,All ages,31.2,125708,2.5,(1.7 - 3.5),2.3,(1.6 - 3.3)
27067,Kandiyohi,Hospitalizations,2016-2018,All,All ages,28.1,126233,2.2,(1.5 - 3.2),2.1,(1.4 - 3.0)
27067,Kandiyohi,Hospitalizations,2017-2019,All,All ages,24.2,127419,1.9,(1.2 - 2.8),1.8,(1.2 - 2.7)
27067,Kandiyohi,Hospitalizations,2018-2020,All,All ages,19,128605,1.5 (UR),(0.9 - 2.3),1.4 (UR),(0.9 - 2.3)
27069,Kittson,Hospitalizations,2013-2015,All,All ages,9,13357,6.7 (UR),(3.1 - 12.8),8.2 (UR),(3.3 - 16.8)
27069,Kittson,Hospitalizations,2015-2017,All,All ages,8.9,12872,6.9 (UR),(3.2 - 13.2),5.2 (UR),(2.0 - 11.2)
27069,Kittson,Hospitalizations,2016-2018,All,All ages,6.9,12560,5.5 (UR),(2.2 - 11.3),4.7 (UR),(1.4 - 11.4)
27069,Kittson,Hospitalizations,2017-2019,All,All ages,*,12688,*,*,*,*
27069,Kittson,Hospitalizations,2018-2020,All,All ages,*,12831,*,*,*,*
27071,Koochiching,Hospitalizations,2013-2015,All,All ages,16,38841,4.1 (UR),(2.4 - 6.7),3.4 (UR),(1.8 - 6.0)
27071,Koochiching,Hospitalizations,2015-2017,All,All ages,8.5,37439,2.3 (UR),(1.0 - 4.4),2.4 (UR),(1.0 - 4.9)
27071,Koochiching,Hospitalizations,2016-2018,All,All ages,*,36791,*,*,*,*
27071,Koochiching,Hospitalizations,2017-2019,All,All ages,6.1,37079,1.7 (UR),(0.6 - 3.6),2.1 (UR),(0.8 - 4.7)
27071,Koochiching,Hospitalizations,2018-2020,All,All ages,*,37310,*,*,*,*
27073,Lac qui Parle,Hospitalizations,2013-2015,All,All ages,11,20757,5.3 (UR),(2.6 - 9.5),4.9 (UR),(2.2 - 9.3)
27073,Lac qui Parle,Hospitalizations,2015-2017,All,All ages,11.4,19902,5.7 (UR),(2.9 - 10.1),4.7 (UR),(2.2 - 8.6)
27073,Lac qui Parle,Hospitalizations,2016-2018,All,All ages,6.5,19587,3.3 (UR),(1.3 - 7.0),2.7 (UR),(0.9 - 6.2)
27073,Lac qui Parle,Hospitalizations,2017-2019,All,All ages,*,19822,*,*,*,*
27073,Lac qui Parle,Hospitalizations,2018-2020,All,All ages,*,20022,*,*,*,*
27075,Lake,Hospitalizations,2013-2015,All,All ages,7,32102,2.2 (UR),(0.9 - 4.5),2.4 (UR),(0.9 - 5.3)
27075,Lake,Hospitalizations,2015-2017,All,All ages,8.9,31077,2.8 (UR),(1.3 - 5.4),3.5 (UR),(1.5 - 7.0)
27075,Lake,Hospitalizations,2016-2018,All,All ages,*,30966,*,*,*,*
27075,Lake,Hospitalizations,2017-2019,All,All ages,*,31363,*,*,*,*
27075,Lake,Hospitalizations,2018-2020,All,All ages,*,31789,*,*,*,*
27077,Lake of the Woods,Hospitalizations,2013-2015,All,All ages,11,11768,9.3 (UR),(4.7 - 16.7),8.1 (UR),(3.7 - 15.3)
27077,Lake of the Woods,Hospitalizations,2015-2017,All,All ages,6.1,11395,5.4 (UR),(2.0 - 11.6),6.2 (UR),(2.0 - 14.6)
27077,Lake of the Woods,Hospitalizations,2016-2018,All,All ages,*,11071,*,*,*,*
27077,Lake of the Woods,Hospitalizations,2017-2019,All,All ages,*,11159,*,*,*,*
27077,Lake of the Woods,Hospitalizations,2018-2020,All,All ages,*,11276,*,*,*,*
27079,Le Sueur,Hospitalizations,2013-2015,All,All ages,30,83075,3.6,(2.4 - 5.2),3.3,(2.2 - 4.8)
27079,Le Sueur,Hospitalizations,2015-2017,All,All ages,20.7,81971,2.5 (UR),(1.6 - 3.9),2.5 (UR),(1.5 - 4.0)
27079,Le Sueur,Hospitalizations,2016-2018,All,All ages,19.5,83203,2.3 (UR),(1.4 - 3.6),2.4 (UR),(1.5 - 3.8)
27079,Le Sueur,Hospitalizations,2017-2019,All,All ages,17.4,84296,2.1 (UR),(1.2 - 3.3),2.1 (UR),(1.2 - 3.4)
27079,Le Sueur,Hospitalizations,2018-2020,All,All ages,11,85161,1.3 (UR),(0.6 - 2.3),1.3 (UR),(0.6 - 2.3)
27081,Lincoln,Hospitalizations,2013-2015,All,All ages,7,17379,4.0 (UR),(1.6 - 8.3),4.0 (UR),(1.4 - 8.9)
27081,Lincoln,Hospitalizations,2015-2017,All,All ages,*,16854,*,*,*,*
27081,Lincoln,Hospitalizations,2016-2018,All,All ages,*,16631,*,*,*,*
27081,Lincoln,Hospitalizations,2017-2019,All,All ages,*,16812,*,*,*,*
27081,Lincoln,Hospitalizations,2018-2020,All,All ages,*,16991,*,*,*,*
27083,Lyon,Hospitalizations,2013-2015,All,All ages,42,76979,5.5,(3.9 - 7.4),5.3,(3.8 - 7.3)
27083,Lyon,Hospitalizations,2015-2017,All,All ages,28.4,76186,3.7,(2.5 - 5.4),4,(2.6 - 5.9)
27083,Lyon,Hospitalizations,2016-2018,All,All ages,17.9,76592,2.3 (UR),(1.4 - 3.7),2.5 (UR),(1.5 - 4.0)
27083,Lyon,Hospitalizations,2017-2019,All,All ages,24.3,76843,3.2 (UR),(2.0 - 4.7),3.3 (UR),(2.1 - 5.0)
27083,Lyon,Hospitalizations,2018-2020,All,All ages,18,77083,2.3 (UR),(1.4 - 3.7),2.3 (UR),(1.3 - 3.7)
27085,McLeod,Hospitalizations,2013-2015,All,All ages,72,107803,6.7,(5.2 - 8.4),5.4,(4.2 - 6.9)
27085,McLeod,Hospitalizations,2015-2017,All,All ages,12.5,16138,7.7 (UR),(4.1 - 13.4),6.7 (UR),(3.4 - 11.9)
27085,McLeod,Hospitalizations,2016-2018,All,All ages,21.6,105863,2,(1.3 - 3.1),2,(1.2 - 3.1)
27085,McLeod,Hospitalizations,2017-2019,All,All ages,17.8,106732,1.7 (UR),(1.0 - 2.6),1.5 (UR),(0.9 - 2.5)
27085,McLeod,Hospitalizations,2018-2020,All,All ages,15,107493,1.4 (UR),(0.8 - 2.3),1.4 (UR),(0.7 - 2.3)
27087,Mahnomen,Hospitalizations,2013-2015,All,All ages,19,16467,11.5 (UR),(6.9 - 18.0),9.9 (UR),(5.8 - 15.8)
27087,Mahnomen,Hospitalizations,2015-2017,All,All ages,7.3,27644,2.6 (UR),(1.1 - 5.4),2.4 (UR),(1.0 - 5.1)
27087,Mahnomen,Hospitalizations,2016-2018,All,All ages,*,16332,*,*,*,*
27087,Mahnomen,Hospitalizations,2017-2019,All,All ages,6.7,16472,4.1 (UR),(1.6 - 8.5),4.3 (UR),(1.6 - 9.3)
27087,Mahnomen,Hospitalizations,2018-2020,All,All ages,*,16528,*,*,*,*
27089,Marshall,Hospitalizations,2013-2015,All,All ages,10,28310,3.5 (UR),(1.7 - 6.5),3.1 (UR),(1.4 - 5.9)
27089,Marshall,Hospitalizations,2015-2017,All,All ages,23.3,58650,4,(2.5 - 5.9),4.8,(3.0 - 7.4)
27089,Marshall,Hospitalizations,2016-2018,All,All ages,*,27596,*,*,*,*
27089,Marshall,Hospitalizations,2017-2019,All,All ages,6.6,27864,2.4 (UR),(0.9 - 5.0),2.4 (UR),(0.9 - 5.1)
27089,Marshall,Hospitalizations,2018-2020,All,All ages,*,28115,*,*,*,*
27091,Martin,Hospitalizations,2013-2015,All,All ages,35,60651,5.8,(4.0 - 8.0),6.1,(4.1 - 8.7)
27091,Martin,Hospitalizations,2015-2017,All,All ages,36.3,105891,3.4,(2.4 - 4.7),3.1,(2.1 - 4.5)
27091,Martin,Hospitalizations,2016-2018,All,All ages,18.6,58277,3.2 (UR),(1.9 - 5.0),3.1 (UR),(1.8 - 5.0)
27091,Martin,Hospitalizations,2017-2019,All,All ages,14.5,58872,2.5 (UR),(1.4 - 4.1),2.4 (UR),(1.3 - 4.2)
27091,Martin,Hospitalizations,2018-2020,All,All ages,15,59374,2.5 (UR),(1.4 - 4.2),2.4 (UR),(1.3 - 4.1)
27093,Meeker,Hospitalizations,2013-2015,All,All ages,25,69354,3.6,(2.3 - 5.3),3.4,(2.1 - 5.1)
27093,Meeker,Hospitalizations,2015-2017,All,All ages,15.7,68163,2.3 (UR),(1.3 - 3.8),2.1 (UR),(1.1 - 3.6)
27093,Meeker,Hospitalizations,2016-2018,All,All ages,10.4,68061,1.5 (UR),(0.7 - 2.8),1.4 (UR),(0.6 - 2.7)
27093,Meeker,Hospitalizations,2017-2019,All,All ages,8.6,68707,1.3 (UR),(0.6 - 2.4),1.2 (UR),(0.5 - 2.4)
27093,Meeker,Hospitalizations,2018-2020,All,All ages,8,69395,1.2 (UR),(0.5 - 2.3),1.2 (UR),(0.5 - 2.5)
27095,Mille Lacs,Hospitalizations,2013-2015,All,All ages,57,77424,7.4,(5.6 - 9.5),6.9,(5.2 - 9.0)
27095,Mille Lacs,Hospitalizations,2015-2017,All,All ages,33.3,76032,4.4,(3.0 - 6.1),4.7,(3.2 - 6.6)
27095,Mille Lacs,Hospitalizations,2016-2018,All,All ages,34.2,76485,4.5,(3.1 - 6.2),4.8,(3.3 - 6.7)
27095,Mille Lacs,Hospitalizations,2017-2019,All,All ages,31.6,77324,4.1,(2.8 - 5.8),4.3,(2.9 - 6.1)
27095,Mille Lacs,Hospitalizations,2018-2020,All,All ages,36,77967,4.6,(3.2 - 6.4),4.8,(3.3 - 6.7)
27097,Morrison,Hospitalizations,2013-2015,All,All ages,55,98481,5.6,(4.2 - 7.3),5.6,(4.2 - 7.4)
27097,Morrison,Hospitalizations,2015-2017,All,All ages,37,96818,3.8,(2.7 - 5.3),3.8,(2.6 - 5.2)
27097,Morrison,Hospitalizations,2016-2018,All,All ages,31.9,97624,3.3,(2.2 - 4.6),3.3,(2.2 - 4.7)
27097,Morrison,Hospitalizations,2017-2019,All,All ages,23.6,98559,2.4,(1.5 - 3.6),2.3,(1.5 - 3.5)
27097,Morrison,Hospitalizations,2018-2020,All,All ages,11,99352,1.1 (UR),(0.6 - 2.0),1.2 (UR),(0.6 - 2.2)
27099,Mower,Hospitalizations,2013-2015,All,All ages,38,117542,3.2,(2.3 - 4.4),3.1,(2.2 - 4.4)
27099,Mower,Hospitalizations,2015-2017,All,All ages,32.1,115491,2.8,(1.9 - 3.9),3,(2.1 - 4.3)
27099,Mower,Hospitalizations,2016-2018,All,All ages,30.6,117148,2.6,(1.8 - 3.7),2.8,(1.9 - 4.1)
27099,Mower,Hospitalizations,2017-2019,All,All ages,37.4,118516,3.2 (UR),(2.2 - 4.3),3.2 (UR),(2.2 - 4.4)
27099,Mower,Hospitalizations,2018-2020,All,All ages,30,119749,2.5,(1.7 - 3.6),2.5,(1.6 - 3.6)
27101,Murray,Hospitalizations,2013-2015,All,All ages,10,25401,3.9 (UR),(1.9 - 7.2),3.7 (UR),(1.7 - 7.1)
27101,Murray,Hospitalizations,2015-2017,All,All ages,6.8,24556,2.8 (UR),(1.1 - 5.7),2.6 (UR),(0.9 - 5.8)
27101,Murray,Hospitalizations,2016-2018,All,All ages,*,24359,*,*,*,*
27101,Murray,Hospitalizations,2017-2019,All,All ages,7.2,24645,2.9 (UR),(1.2 - 6.0),2.8 (UR),(1.0 - 5.9)
27101,Murray,Hospitalizations,2018-2020,All,All ages,6,24819,2.4 (UR),(0.9 - 5.3),2.1 (UR),(0.7 - 4.9)
27103,Nicollet,Hospitalizations,2013-2015,All,All ages,37,99519,3.7,(2.6 - 5.1),3.9,(2.7 - 5.4)
27103,Nicollet,Hospitalizations,2015-2017,All,All ages,35.1,99187,3.5,(2.5 - 4.9),3.9,(2.7 - 5.5)
27103,Nicollet,Hospitalizations,2016-2018,All,All ages,30.1,100749,3,(2.0 - 4.3),3.4,(2.3 - 4.9)
27103,Nicollet,Hospitalizations,2017-2019,All,All ages,30.9,101600,3.0 (UR),(2.1 - 4.3),3.2 (UR),(2.1 - 4.5)
27103,Nicollet,Hospitalizations,2018-2020,All,All ages,27,102350,2.6,(1.7 - 3.8),2.5,(1.6 - 3.6)
27105,Nobles,Hospitalizations,2013-2015,All,All ages,32,65167,4.9,(3.4 - 6.9),4.1,(2.8 - 5.8)
27105,Nobles,Hospitalizations,2015-2017,All,All ages,16.1,64530,2.5 (UR),(1.4 - 4.0),2.3 (UR),(1.2 - 3.9)
27105,Nobles,Hospitalizations,2016-2018,All,All ages,10,64762,1.5 (UR),(0.7 - 2.8),1.6 (UR),(0.7 - 3.1)
27105,Nobles,Hospitalizations,2017-2019,All,All ages,11.8,65007,1.8 (UR),(0.9 - 3.2),1.6 (UR),(0.8 - 2.9)
27105,Nobles,Hospitalizations,2018-2020,All,All ages,11,65325,1.7 (UR),(0.8 - 3.0),1.6 (UR),(0.8 - 3.0)
27107,Norman,Hospitalizations,2013-2015,All,All ages,16,19980,8.0 (UR),(4.6 - 13.0),6.6 (UR),(3.7 - 11.0)
27107,Norman,Hospitalizations,2015-2017,All,All ages,*,19371,*,*,*,*
27107,Norman,Hospitalizations,2016-2018,All,All ages,*,19185,*,*,*,*
27107,Norman,Hospitalizations,2017-2019,All,All ages,*,19378,*,*,*,*
27107,Norman,Hospitalizations,2018-2020,All,All ages,*,19461,*,*,*,*
27109,Olmsted,Hospitalizations,2013-2015,All,All ages,184,450705,4.1,(3.5 - 4.7),3.9,(3.3 - 4.5)
27109,Olmsted,Hospitalizations,2015-2017,All,All ages,130.5,450021,2.9,(2.4 - 3.4),3,(2.5 - 3.6)
27109,Olmsted,Hospitalizations,2016-2018,All,All ages,133.7,457980,2.9,(2.4 - 3.4),3,(2.5 - 3.6)
27109,Olmsted,Hospitalizations,2017-2019,All,All ages,149.4,462597,3.2,(2.7 - 3.7),3.3,(2.8 - 3.9)
27109,Olmsted,Hospitalizations,2018-2020,All,All ages,156,467532,3.3,(2.8 - 3.9),3.4,(2.8 - 3.9)
27111,Otter Tail,Hospitalizations,2013-2015,All,All ages,98,172917,5.7,(4.6 - 6.9),4.7,(3.7 - 5.8)
27111,Otter Tail,Hospitalizations,2015-2017,All,All ages,77,170066,4.5,(3.6 - 5.7),4.4,(3.4 - 5.6)
27111,Otter Tail,Hospitalizations,2016-2018,All,All ages,46.3,171505,2.7,(2.0 - 3.6),2.8,(2.0 - 3.8)
27111,Otter Tail,Hospitalizations,2017-2019,All,All ages,35.9,173526,2.1 (UR),(1.4 - 2.9),2.1 (UR),(1.4 - 3.0)
27111,Otter Tail,Hospitalizations,2018-2020,All,All ages,27,175423,1.5,(1.0 - 2.2),1.6,(1.1 - 2.4)
27113,Pennington,Hospitalizations,2013-2015,All,All ages,10,42412,2.4 (UR),(1.1 - 4.3),2.2 (UR),(1.0 - 4.2)
27113,Pennington,Hospitalizations,2015-2017,All,All ages,15.4,42021,3.7 (UR),(2.1 - 6.0),3.3 (UR),(1.8 - 5.6)
27113,Pennington,Hospitalizations,2016-2018,All,All ages,10.7,41939,2.6 (UR),(1.3 - 4.6),2.4 (UR),(1.1 - 4.3)
27113,Pennington,Hospitalizations,2017-2019,All,All ages,9,42223,2.1 (UR),(1.0 - 4.0),2.1 (UR),(0.9 - 4.1)
27113,Pennington,Hospitalizations,2018-2020,All,All ages,*,42471,*,*,*,*
27115,Pine,Hospitalizations,2013-2015,All,All ages,51,87255,5.8,(4.4 - 7.7),5.5,(4.0 - 7.3)
27115,Pine,Hospitalizations,2015-2017,All,All ages,27.7,85636,3.2,(2.1 - 4.7),3.4,(2.2 - 5.0)
27115,Pine,Hospitalizations,2016-2018,All,All ages,22.5,86079,2.6,(1.6 - 3.9),2.9,(1.8 - 4.4)
27115,Pine,Hospitalizations,2017-2019,All,All ages,23.7,87153,2.7,(1.7 - 4.1),3.1,(1.9 - 4.6)
27115,Pine,Hospitalizations,2018-2020,All,All ages,22,87960,2.5,(1.6 - 3.8),2.7,(1.7 - 4.2)
27117,Pipestone,Hospitalizations,2013-2015,All,All ages,8,27860,2.9 (UR),(1.2 - 5.7),2.3 (UR),(1.0 - 4.6)
27117,Pipestone,Hospitalizations,2015-2017,All,All ages,*,27137,*,*,*,*
27117,Pipestone,Hospitalizations,2016-2018,All,All ages,*,26791,*,*,*,*
27117,Pipestone,Hospitalizations,2017-2019,All,All ages,*,27066,*,*,*,*
27117,Pipestone,Hospitalizations,2018-2020,All,All ages,*,27401,*,*,*,*
27119,Polk,Hospitalizations,2013-2015,All,All ages,55,94708,5.8,(4.4 - 7.6),5.5,(4.1 - 7.2)
27119,Polk,Hospitalizations,2015-2017,All,All ages,48,93222,5.1,(3.8 - 6.8),5.4,(3.9 - 7.3)
27119,Polk,Hospitalizations,2016-2018,All,All ages,40.2,93532,4.3,(3.1 - 5.8),4.8,(3.3 - 6.7)
27119,Polk,Hospitalizations,2017-2019,All,All ages,35.5,94047,3.8 (UR),(2.6 - 5.2),3.7 (UR),(2.5 - 5.2)
27119,Polk,Hospitalizations,2018-2020,All,All ages,31,94434,3.3,(2.2 - 4.7),3.2,(2.1 - 4.6)
27121,Pope,Hospitalizations,2013-2015,All,All ages,38,32907,11.5,(8.2 - 15.9),8.3,(5.6 - 11.8)
27121,Pope,Hospitalizations,2015-2017,All,All ages,13.1,32395,4.0 (UR),(2.2 - 6.9),3.6 (UR),(1.7 - 6.6)
27121,Pope,Hospitalizations,2016-2018,All,All ages,*,32382,*,*,*,*
27121,Pope,Hospitalizations,2017-2019,All,All ages,6.1,32792,1.9 (UR),(0.7 - 4.0),1.3 (UR),(0.4 - 3.1)
27121,Pope,Hospitalizations,2018-2020,All,All ages,*,33252,*,*,*,*
27123,Ramsey,Hospitalizations,2013-2015,All,All ages,1202,1599823,7.5,(7.1 - 7.9),7.7,(7.2 - 8.1)
27123,Ramsey,Hospitalizations,2015-2017,All,All ages,995,1596537,6.2,(5.8 - 6.6),6.7,(6.2 - 7.1)
27123,Ramsey,Hospitalizations,2016-2018,All,All ages,970.3,1619712,6,(5.6 - 6.4),6.4,(5.9 - 6.8)
27123,Ramsey,Hospitalizations,2017-2019,All,All ages,1013.8,1631174,6.2,(5.8 - 6.6),6.4,(6.0 - 6.8)
27123,Ramsey,Hospitalizations,2018-2020,All,All ages,854,1641250,5.2,(4.9 - 5.6),5.3,(4.9 - 5.7)
27125,Red Lake,Hospitalizations,2013-2015,All,All ages,*,12125,*,*,*,*
27125,Red Lake,Hospitalizations,2015-2017,All,All ages,*,11883,*,*,*,*
27125,Red Lake,Hospitalizations,2016-2018,All,All ages,*,11813,*,*,*,*
27125,Red Lake,Hospitalizations,2017-2019,All,All ages,*,11941,*,*,*,*
27125,Red Lake,Hospitalizations,2018-2020,All,All ages,*,12019,*,*,*,*
27127,Redwood,Hospitalizations,2013-2015,All,All ages,16,46682,3.4 (UR),(2.0 - 5.6),3.2 (UR),(1.8 - 5.4)
27127,Redwood,Hospitalizations,2015-2017,All,All ages,13.6,45277,3.0 (UR),(1.6 - 5.1),3.1 (UR),(1.6 - 5.5)
27127,Redwood,Hospitalizations,2016-2018,All,All ages,17.3,44834,3.9 (UR),(2.3 - 6.2),3.5 (UR),(1.9 - 5.8)
27127,Redwood,Hospitalizations,2017-2019,All,All ages,16.5,45328,3.6 (UR),(2.1 - 5.9),3.1 (UR),(1.7 - 5.2)
27127,Redwood,Hospitalizations,2018-2020,All,All ages,15,45703,3.3 (UR),(1.8 - 5.4),2.7 (UR),(1.4 - 4.7)
27129,Renville,Hospitalizations,2013-2015,All,All ages,26,45035,5.8,(3.8 - 8.5),4.6,(2.9 - 6.9)
27129,Renville,Hospitalizations,2015-2017,All,All ages,10,43392,2.3 (UR),(1.1 - 4.2),2.4 (UR),(1.1 - 4.6)
27129,Renville,Hospitalizations,2016-2018,All,All ages,10.9,43028,2.5 (UR),(1.3 - 4.5),2.8 (UR),(1.3 - 5.3)
27129,Renville,Hospitalizations,2017-2019,All,All ages,8.7,43505,2.0 (UR),(0.9 - 3.8),2.1 (UR),(0.9 - 4.1)
27129,Renville,Hospitalizations,2018-2020,All,All ages,9,43836,2.1 (UR),(0.9 - 3.9),2.1 (UR),(0.9 - 4.2)
27131,Rice,Hospitalizations,2013-2015,All,All ages,105,195356,5.4,(4.3 - 6.4),5.5,(4.4 - 6.5)
27131,Rice,Hospitalizations,2015-2017,All,All ages,45.4,193612,2.3,(1.7 - 3.1),2.3,(1.7 - 3.1)
27131,Rice,Hospitalizations,2016-2018,All,All ages,34.7,195989,1.8,(1.2 - 2.5),2,(1.3 - 2.8)
27131,Rice,Hospitalizations,2017-2019,All,All ages,38.3,197612,1.9,(1.4 - 2.7),2.1,(1.5 - 2.9)
27131,Rice,Hospitalizations,2018-2020,All,All ages,35,199257,1.8,(1.2 - 2.4),2,(1.4 - 2.8)
27133,Rock,Hospitalizations,2013-2015,All,All ages,25,28632,8.7,(5.7 - 12.9),7.5,(4.7 - 11.4)
27133,Rock,Hospitalizations,2015-2017,All,All ages,*,28056,*,*,*,*
27133,Rock,Hospitalizations,2016-2018,All,All ages,*,27742,*,*,*,*
27133,Rock,Hospitalizations,2017-2019,All,All ages,*,28017,*,*,*,*
27133,Rock,Hospitalizations,2018-2020,All,All ages,*,28202,*,*,*,*
27135,Roseau,Hospitalizations,2013-2015,All,All ages,*,47042,*,*,*,*
27135,Roseau,Hospitalizations,2015-2017,All,All ages,9.7,46178,2.1 (UR),(1.0 - 3.9),2.1 (UR),(1.0 - 4.0)
27135,Roseau,Hospitalizations,2016-2018,All,All ages,10.7,45399,2.4 (UR),(1.2 - 4.2),2.6 (UR),(1.2 - 4.7)
27135,Roseau,Hospitalizations,2017-2019,All,All ages,8,45516,1.8 (UR),(0.8 - 3.5),2.0 (UR),(0.8 - 4.1)
27135,Roseau,Hospitalizations,2018-2020,All,All ages,*,45770,*,*,*,*
27137,St. Louis,Hospitalizations,2013-2015,All,All ages,296,601792,4.9,(4.4 - 5.5),5,(4.4 - 5.6)
27137,St. Louis,Hospitalizations,2015-2017,All,All ages,105.5,423703,2.5,(2.0 - 3.0),2.7,(2.1 - 3.4)
27137,St. Louis,Hospitalizations,2016-2018,All,All ages,136.5,590641,2.3,(1.9 - 2.7),2.6,(2.1 - 3.0)
27137,St. Louis,Hospitalizations,2017-2019,All,All ages,129.3,594865,2.2,(1.8 - 2.5),2.4,(2.0 - 2.8)
27137,St. Louis,Hospitalizations,2018-2020,All,All ages,114,599012,1.9,(1.6 - 2.3),2.1,(1.7 - 2.5)
27139,Scott,Hospitalizations,2013-2015,All,All ages,184,418663,4.4,(3.8 - 5.0),4.6,(3.9 - 5.3)
27139,Scott,Hospitalizations,2015-2017,All,All ages,70.5,275174,2.6,(2.0 - 3.2),2.6,(2.0 - 3.3)
27139,Scott,Hospitalizations,2016-2018,All,All ages,100.5,433100,2.3,(1.9 - 2.8),2.5,(1.9 - 3.1)
27139,Scott,Hospitalizations,2017-2019,All,All ages,104.3,436605,2.4,(1.9 - 2.8),2.5,(2.0 - 3.0)
27139,Scott,Hospitalizations,2018-2020,All,All ages,110,439857,2.5,(2.0 - 3.0),2.6,(2.1 - 3.0)
27141,Sherburne,Hospitalizations,2013-2015,All,All ages,93,273164,3.4,(2.7 - 4.2),3.5,(2.8 - 4.3)
27141,Sherburne,Hospitalizations,2015-2017,All,All ages,7.5,43815,1.7 (UR),(0.7 - 3.4),1.8 (UR),(0.7 - 3.7)
27141,Sherburne,Hospitalizations,2016-2018,All,All ages,55.9,281761,2,(1.5 - 2.6),2.1,(1.6 - 2.8)
27141,Sherburne,Hospitalizations,2017-2019,All,All ages,49.2,283992,1.7,(1.3 - 2.3),1.8,(1.3 - 2.4)
27141,Sherburne,Hospitalizations,2018-2020,All,All ages,32,286514,1.1,(0.8 - 1.6),1.2,(0.8 - 1.7)
27143,Sibley,Hospitalizations,2013-2015,All,All ages,16,44812,3.6 (UR),(2.0 - 5.8),3.2 (UR),(1.8 - 5.3)
27143,Sibley,Hospitalizations,2015-2017,All,All ages,162.1,591657,2.7,(2.3 - 3.2),2.9,(2.5 - 3.4)
27143,Sibley,Hospitalizations,2016-2018,All,All ages,*,43969,*,*,*,*
27143,Sibley,Hospitalizations,2017-2019,All,All ages,*,44441,*,*,*,*
27143,Sibley,Hospitalizations,2018-2020,All,All ages,8,44791,1.8 (UR),(0.8 - 3.5),1.9 (UR),(0.8 - 3.7)
27145,Stearns,Hospitalizations,2013-2015,All,All ages,256,460013,5.6,(4.9 - 6.2),5.6,(4.9 - 6.2)
27145,Stearns,Hospitalizations,2015-2017,All,All ages,164.7,460312,3.6,(3.0 - 4.1),3.9,(3.2 - 4.5)
27145,Stearns,Hospitalizations,2016-2018,All,All ages,132.7,468298,2.8,(2.4 - 3.3),2.9,(2.4 - 3.5)
27145,Stearns,Hospitalizations,2017-2019,All,All ages,121.5,472676,2.6,(2.1 - 3.0),2.7,(2.2 - 3.2)
27145,Stearns,Hospitalizations,2018-2020,All,All ages,96,477496,2,(1.6 - 2.5),2.1,(1.7 - 2.6)
27147,Steele,Hospitalizations,2013-2015,All,All ages,81,109757,7.4,(5.9 - 9.2),6.6,(5.2 - 8.3)
27147,Steele,Hospitalizations,2015-2017,All,All ages,39.5,108333,3.6,(2.6 - 5.0),3.7,(2.6 - 5.2)
27147,Steele,Hospitalizations,2016-2018,All,All ages,26.6,108677,2.5,(1.6 - 3.6),2.4,(1.6 - 3.6)
27147,Steele,Hospitalizations,2017-2019,All,All ages,32.6,109489,3,(2.0 - 4.2),3,(2.1 - 4.3)
27147,Steele,Hospitalizations,2018-2020,All,All ages,27,110196,2.5,(1.6 - 3.6),2.5,(1.6 - 3.7)
27149,Stevens,Hospitalizations,2013-2015,All,All ages,25,29392,8.5,(5.5 - 12.6),8.1,(5.0 - 12.3)
27149,Stevens,Hospitalizations,2015-2017,All,All ages,14.2,28785,4.9 (UR),(2.7 - 8.2),4.6 (UR),(2.4 - 8.1)
27149,Stevens,Hospitalizations,2016-2018,All,All ages,*,28744,*,*,*,*
27149,Stevens,Hospitalizations,2017-2019,All,All ages,*,28981,*,*,*,*
27149,Stevens,Hospitalizations,2018-2020,All,All ages,*,29312,*,*,*,*
27151,Swift,Hospitalizations,2013-2015,All,All ages,8,28329,2.8 (UR),(1.2 - 5.6),3.5 (UR),(1.4 - 7.1)
27151,Swift,Hospitalizations,2015-2017,All,All ages,6.6,27601,2.4 (UR),(0.9 - 5.0),2.8 (UR),(1.0 - 6.0)
27151,Swift,Hospitalizations,2016-2018,All,All ages,*,27567,*,*,*,*
27151,Swift,Hospitalizations,2017-2019,All,All ages,*,27790,*,*,*,*
27151,Swift,Hospitalizations,2018-2020,All,All ages,*,28033,*,*,*,*
27153,Todd,Hospitalizations,2013-2015,All,All ages,16,72955,2.2 (UR),(1.3 - 3.6),2.2 (UR),(1.2 - 3.7)
27153,Todd,Hospitalizations,2015-2017,All,All ages,17.1,71776,2.4 (UR),(1.4 - 3.8),2.0 (UR),(1.1 - 3.3)
27153,Todd,Hospitalizations,2016-2018,All,All ages,14,72239,1.9 (UR),(1.1 - 3.2),1.7 (UR),(0.9 - 3.0)
27153,Todd,Hospitalizations,2017-2019,All,All ages,14.2,72973,1.9 (UR),(1.1 - 3.2),1.8 (UR),(1.0 - 3.2)
27153,Todd,Hospitalizations,2018-2020,All,All ages,7,73679,1.0 (UR),(0.4 - 2.0),0.7 (UR),(0.3 - 1.6)
27155,Traverse,Hospitalizations,2013-2015,All,All ages,*,10202,*,*,*,*
27155,Traverse,Hospitalizations,2015-2017,All,All ages,*,9826,*,*,*,*
27155,Traverse,Hospitalizations,2016-2018,All,All ages,*,9681,*,*,*,*
27155,Traverse,Hospitalizations,2017-2019,All,All ages,*,9804,*,*,*,*
27155,Traverse,Hospitalizations,2018-2020,All,All ages,*,9901,*,*,*,*
27157,Wabasha,Hospitalizations,2013-2015,All,All ages,11,63975,1.7 (UR),(0.9 - 3.1),1.6 (UR),(0.8 - 2.9)
27157,Wabasha,Hospitalizations,2015-2017,All,All ages,8.8,62994,1.4 (UR),(0.6 - 2.7),1.3 (UR),(0.6 - 2.6)
27157,Wabasha,Hospitalizations,2016-2018,All,All ages,7.4,63674,1.2 (UR),(0.5 - 2.4),1.1 (UR),(0.5 - 2.4)
27157,Wabasha,Hospitalizations,2017-2019,All,All ages,9.4,64257,1.5 (UR),(0.7 - 2.7),1.4 (UR),(0.6 - 2.8)
27157,Wabasha,Hospitalizations,2018-2020,All,All ages,7,64746,1.1 (UR),(0.4 - 2.2),1.1 (UR),(0.4 - 2.4)
27159,Wadena,Hospitalizations,2013-2015,All,All ages,38,41385,9.2,(6.5 - 12.6),8,(5.6 - 11.1)
27159,Wadena,Hospitalizations,2015-2017,All,All ages,27.2,40345,6.7,(4.5 - 9.8),5.5,(3.6 - 8.1)
27159,Wadena,Hospitalizations,2016-2018,All,All ages,22.8,40191,5.7,(3.6 - 8.5),4.8,(2.9 - 7.4)
27159,Wadena,Hospitalizations,2017-2019,All,All ages,14.1,40687,3.5 (UR),(1.9 - 5.8),3.2 (UR),(1.7 - 5.6)
27159,Wadena,Hospitalizations,2018-2020,All,All ages,14,41108,3.4 (UR),(1.9 - 5.7),3.2 (UR),(1.7 - 5.5)
27161,Waseca,Hospitalizations,2013-2015,All,All ages,17,57025,3.0 (UR),(1.7 - 4.8),2.9 (UR),(1.7 - 4.8)
27161,Waseca,Hospitalizations,2015-2017,All,All ages,9.9,56094,1.8 (UR),(0.8 - 3.2),1.7 (UR),(0.8 - 3.2)
27161,Waseca,Hospitalizations,2016-2018,All,All ages,10.7,55427,1.9 (UR),(1.0 - 3.5),1.9 (UR),(0.9 - 3.5)
27161,Waseca,Hospitalizations,2017-2019,All,All ages,7.7,55764,1.4 (UR),(0.6 - 2.8),1.3 (UR),(0.5 - 2.7)
27161,Waseca,Hospitalizations,2018-2020,All,All ages,7,56089,1.2 (UR),(0.5 - 2.6),1.1 (UR),(0.4 - 2.3)
27163,Washington,Hospitalizations,2013-2015,All,All ages,277,747603,3.7,(3.3 - 4.1),3.7,(3.3 - 4.2)
27163,Washington,Hospitalizations,2015-2017,All,All ages,191.5,747561,2.6,(2.2 - 2.9),2.6,(2.2 - 3.0)
27163,Washington,Hospitalizations,2016-2018,All,All ages,173.1,759716,2.3,(1.9 - 2.6),2.4,(2.0 - 2.7)
27163,Washington,Hospitalizations,2017-2019,All,All ages,183.1,766822,2.4,(2.0 - 2.7),2.4,(2.0 - 2.7)
27163,Washington,Hospitalizations,2018-2020,All,All ages,181,774211,2.3,(2.0 - 2.7),2.3,(2.0 - 2.7)
27165,Watonwan,Hospitalizations,2013-2015,All,All ages,19,32972,5.8 (UR),(3.5 - 9.0),5.2 (UR),(3.1 - 8.1)
27165,Watonwan,Hospitalizations,2015-2017,All,All ages,8.6,32222,2.7 (UR),(1.2 - 5.1),2.2 (UR),(0.9 - 4.7)
27165,Watonwan,Hospitalizations,2016-2018,All,All ages,7.3,32243,2.3 (UR),(0.9 - 4.6),1.7 (UR),(0.7 - 3.7)
27165,Watonwan,Hospitalizations,2017-2019,All,All ages,*,32551,*,*,*,*
27165,Watonwan,Hospitalizations,2018-2020,All,All ages,*,32855,*,*,*,*
27167,Wilkin,Hospitalizations,2013-2015,All,All ages,8,19430,4.1 (UR),(1.8 - 8.1),3.0 (UR),(1.2 - 6.1)
27167,Wilkin,Hospitalizations,2015-2017,All,All ages,6.8,18791,3.6 (UR),(1.4 - 7.6),2.8 (UR),(1.0 - 6.2)
27167,Wilkin,Hospitalizations,2016-2018,All,All ages,*,18517,*,*,*,*
27167,Wilkin,Hospitalizations,2017-2019,All,All ages,*,18674,*,*,*,*
27167,Wilkin,Hospitalizations,2018-2020,All,All ages,*,18809,*,*,*,*
27169,Winona,Hospitalizations,2013-2015,All,All ages,61,153333,4,(3.0 - 5.1),4.2,(3.1 - 5.4)
27169,Winona,Hospitalizations,2015-2017,All,All ages,26.6,150838,1.8,(1.2 - 2.6),2.2,(1.4 - 3.3)
27169,Winona,Hospitalizations,2016-2018,All,All ages,14.1,150360,0.9 (UR),(0.5 - 1.6),1.2 (UR),(0.6 - 2.0)
27169,Winona,Hospitalizations,2017-2019,All,All ages,9.1,151229,0.6 (UR),(0.3 - 1.1),0.7 (UR),(0.3 - 1.3)
27169,Winona,Hospitalizations,2018-2020,All,All ages,9,152294,0.6 (UR),(0.3 - 1.1),0.6 (UR),(0.2 - 1.1)
27171,Wright,Hospitalizations,2013-2015,All,All ages,120,389739,3.1,(2.5 - 3.6),3.1,(2.6 - 3.7)
27171,Wright,Hospitalizations,2015-2017,All,All ages,78.3,391602,2,(1.6 - 2.5),2.3,(1.7 - 3.0)
27171,Wright,Hospitalizations,2016-2018,All,All ages,64.4,399395,1.6,(1.2 - 2.1),1.8,(1.4 - 2.4)
27171,Wright,Hospitalizations,2017-2019,All,All ages,56.4,403264,1.4 (UR),(1.1 - 1.8),1.5 (UR),(1.1 - 1.9)
27171,Wright,Hospitalizations,2018-2020,All,All ages,45,407174,1.1,(0.8 - 1.5),1.1,(0.8 - 1.5)
27173,Yellow Medicine,Hospitalizations,2013-2015,All,All ages,20,30023,6.7 (UR),(4.1 - 10.3),6.7 (UR),(3.9 - 10.5)
27173,Yellow Medicine,Hospitalizations,2015-2017,All,All ages,16.3,29165,5.6 (UR),(3.2 - 9.0),5.4 (UR),(3.0 - 9.1)
27173,Yellow Medicine,Hospitalizations,2016-2018,All,All ages,11.2,28968,3.9 (UR),(2.0 - 6.9),3.8 (UR),(1.8 - 7.0)
27173,Yellow Medicine,Hospitalizations,2017-2019,All,All ages,9.2,29183,3.1 (UR),(1.4 - 5.9),3.3 (UR),(1.5 - 6.2)
27173,Yellow Medicine,Hospitalizations,2018-2020,All,All ages,8,29384,2.7 (UR),(1.2 - 5.4),3.1 (UR),(1.3 - 6.1)
27000,Minnesota,Emergency department visits,2013-2015,All,All ages,61543,16367260,37.6,(37.3 - 37.8),39.1,(38.8 - 39.4)
27000,Minnesota,Emergency department visits,2015-2017,All,All ages,55983,16578993,33.7,(33.5 - 34.0),35.5,(35.2 - 35.8)
27000,Minnesota,Emergency department visits,2016-2018,All,All ages,53812,16702743,32.2,(31.9 - 32.5),34,(33.7 - 34.3)
27000,Minnesota,Emergency department visits,2017-2019,All,All ages,52698,16818966,31.3,(31.3 - 31.6),33.1,(32.8 - 33.4)
27000,Minnesota,Emergency department visits,2018-2020,All,All ages,45671,16908513,27,(26.8 - 27.3),28.6,(28.3 - 28.8)
27001,Aitkin,Emergency department visits,2013-2015,All,All ages,145,47155,30.7,(25.7 - 35.8),39.5,(32.6 - 46.4)
27001,Aitkin,Emergency department visits,2015-2017,All,All ages,129.8,46069,28.2,(23.3 - 33.0),35.8,(29.0 - 42.5)
27001,Aitkin,Emergency department visits,2016-2018,All,All ages,139.9,46342,30.2,(25.2 - 35.2),40.9,(33.6 - 48.2)
27001,Aitkin,Emergency department visits,2017-2019,All,All ages,168.09,46968,35.8,(30.4 - 41.2),48.3,(40.4 - 56.3)
27001,Aitkin,Emergency department visits,2018-2020,All,All ages,150,47562,31.5,(26.5 - 36.6),43.2,(35.7 - 50.7)
27003,Anoka,Emergency department visits,2013-2015,All,All ages,3382,1024920,33,(31.9 - 34.1),34.3,(33.2 - 35.5)
27003,Anoka,Emergency department visits,2015-2017,All,All ages,2962.5,1025246,28.9,(27.9 - 29.9),30.6,(29.4 - 31.7)
27003,Anoka,Emergency department visits,2016-2018,All,All ages,2830.7,1040812,27.2,(26.2 - 28.2),29.1,(28.0 - 30.2)
27003,Anoka,Emergency department visits,2017-2019,All,All ages,2812.8,1049392,26.8,(25.8 - 27.8),28.4,(27.4 - 29.5)
27003,Anoka,Emergency department visits,2018-2020,All,All ages,2445,1057841,23.1,(22.2 - 24.0),24.5,(23.5 - 25.5)
27005,Becker,Emergency department visits,2013-2015,All,All ages,247,99846,24.7,(21.7 - 27.8),27.1,(23.6 - 30.6)
27005,Becker,Emergency department visits,2015-2017,All,All ages,241.8,99129,24.4,(21.3 - 27.5),27.5,(24.0 - 31.1)
27005,Becker,Emergency department visits,2016-2018,All,All ages,257.6,100514,25.6,(22.5 - 28.8),29.2,(25.6 - 32.9)
27005,Becker,Emergency department visits,2017-2019,All,All ages,261.4,101633,25.7,(22.6 - 28.8),29.5,(25.8 - 33.1)
27005,Becker,Emergency department visits,2018-2020,All,All ages,222,102609,21.6,(18.8 - 24.5),25,(21.6 - 28.4)
27007,Beltrami,Emergency department visits,2013-2015,All,All ages,460,136845,33.6,(30.5 - 36.7),34,(30.8 - 37.2)
27007,Beltrami,Emergency department visits,2015-2017,All,All ages,429.2,135755,31.6,(28.6 - 34.6),33.1,(29.8 - 36.4)
27007,Beltrami,Emergency department visits,2016-2018,All,All ages,362.2,137669,26.3,(23.6 - 29.0),28,(25.0 - 31.0)
27007,Beltrami,Emergency department visits,2017-2019,All,All ages,338.9,138869,24.4,(21.8 - 27.0),25.5,(22.7 - 28.3)
27007,Beltrami,Emergency department visits,2018-2020,All,All ages,307,140034,21.9,(19.5 - 24.4),22.8,(20.2 - 25.4)
27009,Benton,Emergency department visits,2013-2015,All,All ages,469,118380,39.6,(36.0 - 43.2),40.5,(36.8 - 44.2)
27009,Benton,Emergency department visits,2015-2017,All,All ages,290.1,117681,24.7,(21.8 - 27.5),25.6,(22.6 - 28.6)
27009,Benton,Emergency department visits,2016-2018,All,All ages,267.5,118983,22.5,(19.8 - 25.2),23.3,(20.5 - 26.2)
27009,Benton,Emergency department visits,2017-2019,All,All ages,255,120122,21.2,(18.6 - 23.8),22,(19.2 - 24.7)
27009,Benton,Emergency department visits,2018-2020,All,All ages,328,121150,27.1 (UR),(24.1 - 30.0),27.9 (UR),(24.8 - 30.9)
27011,Big Stone,Emergency department visits,2013-2015,All,All ages,15,15279,9.8 (UR),(5.5 - 16.2),11.5 (UR),(6.1 - 19.8)
27011,Big Stone,Emergency department visits,2015-2017,All,All ages,7.3,14663,5.0 (UR),(2.0 - 10.1),6.1 (UR),(2.3 - 13.0)
27011,Big Stone,Emergency department visits,2016-2018,All,All ages,9.3,14619,6.4 (UR),(3.0 - 12.0),8.5 (UR),(3.8 - 16.4)
27011,Big Stone,Emergency department visits,2017-2019,All,All ages,13.5,14809,9.1 (UR),(4.9 - 15.4),11.8 (UR),(6.0 - 20.7)
27011,Big Stone,Emergency department visits,2018-2020,All,All ages,13,14959,8.7,(4.6 - 14.9),10.3,(5.1 - 18.5)
27013,Blue Earth,Emergency department visits,2013-2015,All,All ages,496,196207,25.3,(23.1 - 27.5),26.4,(24.0 - 28.9)
27013,Blue Earth,Emergency department visits,2015-2017,All,All ages,567.9,195682,29,(26.6 - 31.4),30.8,(28.1 - 33.6)
27013,Blue Earth,Emergency department visits,2016-2018,All,All ages,552,198426,27.8,(25.5 - 30.1),30,(27.3 - 32.7)
27013,Blue Earth,Emergency department visits,2017-2019,All,All ages,584.3,199979,29.2,(26.8 - 31.6),30.4,(27.8 - 33.0)
27013,Blue Earth,Emergency department visits,2018-2020,All,All ages,559,201590,27.7,(25.4 - 30.0),28.6,(26.1 - 31.1)
27015,Brown,Emergency department visits,2013-2015,All,All ages,172,75883,22.7,(19.3 - 26.1),26.1,(22.1 - 30.2)
27015,Brown,Emergency department visits,2015-2017,All,All ages,146,74285,19.6,(16.5 - 22.8),21.9,(18.2 - 25.5)
27015,Brown,Emergency department visits,2016-2018,All,All ages,128.4,74072,17.3,(14.3 - 20.3),19.7,(16.2 - 23.2)
27015,Brown,Emergency department visits,2017-2019,All,All ages,113.4,74715,15.2,(12.4 - 18.0),17.2,(13.9 - 20.5)
27015,Brown,Emergency department visits,2018-2020,All,All ages,104,75350,13.8,(11.1 - 16.5),15.7,(12.6 - 18.8)
27017,Carlton,Emergency department visits,2013-2015,All,All ages,441,106407,41.4,(37.6 - 45.3),43.7,(39.6 - 47.9)
27017,Carlton,Emergency department visits,2015-2017,All,All ages,372.6,105141,35.4,(31.8 - 39.0),38.4,(34.4 - 42.4)
27017,Carlton,Emergency department visits,2016-2018,All,All ages,356.8,105337,33.9,(30.4 - 37.4),36.9,(33.0 - 40.8)
27017,Carlton,Emergency department visits,2017-2019,All,All ages,315.8,106216,29.7,(26.5 - 33.0),32.4,(28.8 - 36.1)
27017,Carlton,Emergency department visits,2018-2020,All,All ages,304,107179,28.4,(25.2 - 31.6),31.1,(27.5 - 34.7)
27019,Carver,Emergency department visits,2013-2015,All,All ages,411,291808,14.1,(12.7 - 15.4),13.9,(12.6 - 15.3)
27019,Carver,Emergency department visits,2015-2017,All,All ages,347.3,295165,11.8,(10.5 - 13.0),12.3,(10.9 - 13.8)
27019,Carver,Emergency department visits,2016-2018,All,All ages,348.5,303487,11.5,(10.3 - 12.7),12.2,(10.8 - 13.6)
27019,Carver,Emergency department visits,2017-2019,All,All ages,366.2,306327,12,(10.7 - 13.2),12.5,(11.2 - 13.8)
27019,Carver,Emergency department visits,2018-2020,All,All ages,348,309061,11.3,(10.1 - 12.4),11.8,(10.6 - 13.1)
27021,Cass,Emergency department visits,2013-2015,All,All ages,322,85786,37.5,(33.4 - 41.6),44.7,(39.5 - 49.8)
27021,Cass,Emergency department visits,2015-2017,All,All ages,260.7,84860,30.7,(27.0 - 34.5),38.5,(33.6 - 43.4)
27021,Cass,Emergency department visits,2016-2018,All,All ages,241.2,86278,28,(24.4 - 31.5),35.3,(30.6 - 39.9)
27021,Cass,Emergency department visits,2017-2019,All,All ages,233.5,87335,26.7,(23.3 - 30.2),32.6,(28.2 - 37.0)
27021,Cass,Emergency department visits,2018-2020,All,All ages,245,88249,27.8,(24.3 - 31.2),33.7,(29.3 - 38.2)
27023,Chippewa,Emergency department visits,2013-2015,All,All ages,105,36293,28.9,(23.4 - 34.5),32.3,(25.9 - 38.6)
27023,Chippewa,Emergency department visits,2015-2017,All,All ages,96.8,35700,27.1,(22.0 - 33.1),29.3,(23.7 - 35.9)
27023,Chippewa,Emergency department visits,2016-2018,All,All ages,84.6,35270,24,(19.1 - 29.7),26.3,(20.8 - 32.8)
27023,Chippewa,Emergency department visits,2017-2019,All,All ages,100,35521,28.1,(22.9 - 34.2),31.2,(25.2 - 38.2)
27023,Chippewa,Emergency department visits,2018-2020,All,All ages,106,35753,29.6,(24.0 - 35.3),33.5,(26.9 - 40.1)
27025,Chisago,Emergency department visits,2013-2015,All,All ages,583,161949,36,(33.1 - 38.9),38.2,(35.1 - 41.4)
27025,Chisago,Emergency department visits,2015-2017,All,All ages,413.5,161614,25.6,(23.1 - 28.1),27.6,(24.9 - 30.4)
27025,Chisago,Emergency department visits,2016-2018,All,All ages,394.7,163911,24.1,(21.7 - 26.5),25.8,(23.2 - 28.4)
27025,Chisago,Emergency department visits,2017-2019,All,All ages,390.3,165539,23.6,(21.2 - 25.9),25.3,(22.7 - 27.8)
27025,Chisago,Emergency department visits,2018-2020,All,All ages,407,167081,24.4,(22.0 - 26.7),25.9,(23.4 - 28.5)
27027,Clay,Emergency department visits,2013-2015,All,All ages,569,184211,30.9,(28.4 - 33.4),32,(29.3 - 34.7)
27027,Clay,Emergency department visits,2015-2017,All,All ages,565,184746,30.6,(28.1 - 33.1),31.5,(28.8 - 34.2)
27027,Clay,Emergency department visits,2016-2018,All,All ages,505.6,188308,26.9,(24.5 - 29.2),27.2,(24.8 - 29.6)
27027,Clay,Emergency department visits,2017-2019,All,All ages,514.5,189933,27.1,(24.7 - 29.4),27.6,(25.2 - 30.1)
27027,Clay,Emergency department visits,2018-2020,All,All ages,447,191430,23.4,(21.2 - 25.5),23.8,(21.5 - 26.0)
27029,Clearwater,Emergency department visits,2013-2015,All,All ages,70,26378,26.5,(20.7 - 33.5),26.6,(20.5 - 33.9)
27029,Clearwater,Emergency department visits,2015-2017,All,All ages,80.8,25968,31.1,(24.7 - 38.7),32.3,(25.3 - 40.6)
27029,Clearwater,Emergency department visits,2016-2018,All,All ages,78,25971,30,(23.7 - 37.5),32.1,(25.2 - 40.3)
27029,Clearwater,Emergency department visits,2017-2019,All,All ages,80.9,26213,30.9,(24.5 - 38.4),31.7,(24.9 - 39.7)
27029,Clearwater,Emergency department visits,2018-2020,All,All ages,74,26503,27.9,(21.9 - 35.1),28.1,(21.8 - 35.6)
27031,Cook,Emergency department visits,2013-2015,All,All ages,53,15585,34,(25.5 - 44.5),39.9,(29.1 - 53.3)
27031,Cook,Emergency department visits,2015-2017,All,All ages,57,15474,36.8,(27.9 - 47.7),47.6,(35.3 - 62.7)
27031,Cook,Emergency department visits,2016-2018,All,All ages,59,15794,37.4,(28.4 - 48.2),49.6,(37.3 - 64.7)
27031,Cook,Emergency department visits,2017-2019,All,All ages,63,16011,39.3,(30.2 - 50.3),53.8,(40.8 - 69.5)
27031,Cook,Emergency department visits,2018-2020,All,All ages,43,16171,26.6,(19.2 - 35.8),36.2,(25.7 - 49.6)
27033,Cottonwood,Emergency department visits,2013-2015,All,All ages,85,34775,24.4,(19.5 - 30.2),26,(20.6 - 32.4)
27033,Cottonwood,Emergency department visits,2015-2017,All,All ages,81.6,33640,24.3,(19.3 - 30.1),27.3,(21.5 - 34.1)
27033,Cottonwood,Emergency department visits,2016-2018,All,All ages,79.7,33184,24,(19.0 - 29.9),25.9,(20.3 - 32.6)
27033,Cottonwood,Emergency department visits,2017-2019,All,All ages,89.7,33486,26.8,(21.5 - 32.9),29.5,(23.4 - 36.6)
27033,Cottonwood,Emergency department visits,2018-2020,All,All ages,79,33855,23.3,(18.5 - 29.1),25.5,(19.9 - 32.2)
27035,Crow Wing,Emergency department visits,2013-2015,All,All ages,772,189723,40.7,(37.8 - 43.6),47.2,(43.7 - 50.6)
27035,Crow Wing,Emergency department visits,2015-2017,All,All ages,739,187606,39.4,(36.6 - 42.2),46.2,(42.8 - 49.7)
27035,Crow Wing,Emergency department visits,2016-2018,All,All ages,707.1,189695,37.3,(34.5 - 40.0),43.9,(40.6 - 47.3)
27035,Crow Wing,Emergency department visits,2017-2019,All,All ages,668,191775,34.8,(32.2 - 37.5),40.7,(37.5 - 43.8)
27035,Crow Wing,Emergency department visits,2018-2020,All,All ages,590,193881,30.4,(28.0 - 32.9),35.1,(32.2 - 38.0)
27037,Dakota,Emergency department visits,2013-2015,All,All ages,3582,1235376,29,(28.0 - 29.9),29.9,(28.9 - 30.9)
27037,Dakota,Emergency department visits,2015-2017,All,All ages,3435.9,1233836,27.8,(26.9 - 28.8),29.2,(28.2 - 30.2)
27037,Dakota,Emergency department visits,2016-2018,All,All ages,3310.1,1252531,26.4,(25.5 - 27.3),27.7,(26.8 - 28.7)
27037,Dakota,Emergency department visits,2017-2019,All,All ages,3384,1262418,26.8,(25.9 - 27.7),27.8,(26.9 - 28.8)
27037,Dakota,Emergency department visits,2018-2020,All,All ages,3012,1272147,23.7,(22.8 - 24.5),24.6,(23.7 - 25.5)
27039,Dodge,Emergency department visits,2013-2015,All,All ages,186,61022,30.5,(26.1 - 34.9),30.9,(26.4 - 35.4)
27039,Dodge,Emergency department visits,2015-2017,All,All ages,136.4,60638,22.5,(18.7 - 26.3),22.8,(19.0 - 26.7)
27039,Dodge,Emergency department visits,2016-2018,All,All ages,122.5,61390,20,(16.4 - 23.5),20.5,(16.7 - 24.2)
27039,Dodge,Emergency department visits,2017-2019,All,All ages,132.8,61863,21.5,(17.8 - 25.1),22.3,(18.5 - 26.1)
27039,Dodge,Emergency department visits,2018-2020,All,All ages,125,62298,20.1,(16.5 - 23.6),21.1,(17.4 - 24.9)
27041,Douglas,Emergency department visits,2013-2015,All,All ages,276,110418,25,(22.0 - 27.9),26,(22.8 - 29.2)
27041,Douglas,Emergency department visits,2015-2017,All,All ages,199.7,109208,18.3,(15.8 - 20.8),20.6,(17.6 - 23.6)
27041,Douglas,Emergency department visits,2016-2018,All,All ages,178.1,110548,16.1,(13.7 - 18.5),19.1,(16.2 - 22.0)
27041,Douglas,Emergency department visits,2017-2019,All,All ages,198.6,111951,17.7,(15.3 - 20.2),20.7,(17.7 - 23.7)
27041,Douglas,Emergency department visits,2018-2020,All,All ages,186,113297,16.4,(14.1 - 18.8),19.1,(16.2 - 21.9)
27043,Faribault,Emergency department visits,2013-2015,All,All ages,156,42376,36.8,(31.0 - 42.6),40.1,(33.5 - 46.8)
27043,Faribault,Emergency department visits,2015-2017,All,All ages,149.3,41035,36.4,(30.5 - 42.2),43.4,(36.2 - 50.6)
27043,Faribault,Emergency department visits,2016-2018,All,All ages,110.3,40463,27.3,(22.2 - 32.4),32.9,(26.6 - 39.2)
27043,Faribault,Emergency department visits,2017-2019,All,All ages,118.8,40859,29.1,(23.8 - 34.3),34.7,(28.3 - 41.2)
27043,Faribault,Emergency department visits,2018-2020,All,All ages,107,41286,25.9,(21.0 - 30.8),31.2,(25.1 - 37.4)
27045,Fillmore,Emergency department visits,2013-2015,All,All ages,90,62463,14.4,(11.6 - 17.7),15.5,(12.4 - 19.2)
27045,Fillmore,Emergency department visits,2015-2017,All,All ages,89.5,61449,14.6,(11.7 - 17.9),14.9,(11.8 - 18.6)
27045,Fillmore,Emergency department visits,2016-2018,All,All ages,92,61801,14.9,(12.0 - 18.3),16,(12.7 - 19.8)
27045,Fillmore,Emergency department visits,2017-2019,All,All ages,88,62418,14.1,(11.3 - 17.4),15,(11.9 - 18.7)
27045,Fillmore,Emergency department visits,2018-2020,All,All ages,70,63038,11.1,(8.7 - 14.0),12.2,(9.4 - 15.5)
27047,Freeborn,Emergency department visits,2013-2015,All,All ages,369,92348,40,(35.9 - 44.0),43.8,(39.2 - 48.5)
27047,Freeborn,Emergency department visits,2015-2017,All,All ages,332.2,89802,37,(33.0 - 41.0),42.3,(37.6 - 47.0)
27047,Freeborn,Emergency department visits,2016-2018,All,All ages,319.7,89489,35.7,(31.8 - 39.6),40.5,(35.9 - 45.1)
27047,Freeborn,Emergency department visits,2017-2019,All,All ages,370.7,90486,41,(36.8 - 45.1),45.2,(40.4 - 49.9)
27047,Freeborn,Emergency department visits,2018-2020,All,All ages,333,91372,36.4,(32.5 - 40.4),39.8,(35.3 - 44.2)
27049,Goodhue,Emergency department visits,2013-2015,All,All ages,703,139205,50.5,(46.8 - 54.2),53.1,(49.0 - 57.2)
27049,Goodhue,Emergency department visits,2015-2017,All,All ages,673.4,137020,49.1,(45.4 - 52.9),53,(48.8 - 57.2)
27049,Goodhue,Emergency department visits,2016-2018,All,All ages,639,136839,46.7,(43.1 - 50.3),51.2,(47.1 - 55.3)
27049,Goodhue,Emergency department visits,2017-2019,All,All ages,557.1,137895,40.4,(37.0 - 43.8),43.6,(39.9 - 47.3)
27049,Goodhue,Emergency department visits,2018-2020,All,All ages,506,138979,36.4,(33.2 - 39.6),40,(36.4 - 43.6)
27051,Grant,Emergency department visits,2013-2015,All,All ages,43,17857,24.1,(17.4 - 32.4),28.3,(20.2 - 38.5)
27051,Grant,Emergency department visits,2015-2017,All,All ages,37.8,17410,21.7,(15.3 - 29.8),25.7,(17.9 - 35.8)
27051,Grant,Emergency department visits,2016-2018,All,All ages,35.4,17552,20.2,(14.1 - 28.0),24.8,(17.1 - 34.7)
27051,Grant,Emergency department visits,2017-2019,All,All ages,33.4,17719,18.9,(13.0 - 26.4),21.3,(14.5 - 30.2)
27051,Grant,Emergency department visits,2018-2020,All,All ages,22,17918,12.3,(7.7 - 18.6),13.5,(8.3 - 20.8)
27053,Hennepin,Emergency department visits,2013-2015,All,All ages,18436,3634827,50.7,(50.0 - 51.5),53.1,(52.3 - 53.8)
27053,Hennepin,Emergency department visits,2015-2017,All,All ages,16938.9,3639344,46.5,(45.8 - 47.2),49.1,(48.3 - 49.9)
27053,Hennepin,Emergency department visits,2016-2018,All,All ages,16426.2,3705603,44.3,(43.7 - 45.0),46.8,(46.1 - 47.6)
27053,Hennepin,Emergency department visits,2017-2019,All,All ages,15692.8,3734409,42,(41.4 - 42.7),44,(43.3 - 44.7)
27053,Hennepin,Emergency department visits,2018-2020,All,All ages,12892,3760561,34.3 (UR),(33.7 - 34.9),35.8 (UR),(35.2 - 36.4)
27055,Houston,Emergency department visits,2013-2015,All,All ages,23,56330,4.1,(2.6 - 6.1),4.9,(3.1 - 7.4)
27055,Houston,Emergency department visits,2015-2017,All,All ages,8.1,55298,1.5 (UR),(0.6 - 2.9),1.8 (UR),(0.8 - 3.6)
27055,Houston,Emergency department visits,2016-2018,All,All ages,*,54890,*,*,*,*
27055,Houston,Emergency department visits,2017-2019,All,All ages,*,55372,*,*,*,*
27055,Houston,Emergency department visits,2018-2020,All,All ages,*,56093,*,*,*,*
27057,Hubbard,Emergency department visits,2013-2015,All,All ages,210,61931,33.9,(29.3 - 38.5),39.1,(33.5 - 44.8)
27057,Hubbard,Emergency department visits,2015-2017,All,All ages,195.4,60863,32.1,(27.6 - 36.6),37.2,(31.7 - 42.8)
27057,Hubbard,Emergency department visits,2016-2018,All,All ages,166.5,61759,27,(22.9 - 31.1),31.8,(26.7 - 36.9)
27057,Hubbard,Emergency department visits,2017-2019,All,All ages,145.9,62705,23.3,(19.5 - 27.1),27.2,(22.6 - 31.9)
27057,Hubbard,Emergency department visits,2018-2020,All,All ages,105,63638,16.5,(13.3 - 19.7),19,(15.2 - 22.9)
27059,Isanti,Emergency department visits,2013-2015,All,All ages,303,114998,26.3,(23.4 - 29.3),27.5,(24.3 - 30.6)
27059,Isanti,Emergency department visits,2015-2017,All,All ages,306.4,114670,26.7,(23.7 - 29.7),28.4,(25.1 - 31.6)
27059,Isanti,Emergency department visits,2016-2018,All,All ages,276.9,116877,23.7,(20.9 - 26.5),25.3,(22.2 - 28.3)
27059,Isanti,Emergency department visits,2017-2019,All,All ages,263.3,118232,22.3,(19.6 - 25.0),23.6,(20.7 - 26.5)
27059,Isanti,Emergency department visits,2018-2020,All,All ages,181,119400,15.2,(13.0 - 17.4),16.1,(13.7 - 18.5)
27061,Itasca,Emergency department visits,2013-2015,All,All ages,602,136407,44.1,(40.6 - 47.7),50.4,(46.3 - 54.6)
27061,Itasca,Emergency department visits,2015-2017,All,All ages,466.1,133563,34.9,(31.7 - 38.1),40.8,(37.0 - 44.7)
27061,Itasca,Emergency department visits,2016-2018,All,All ages,421.5,133136,31.7,(28.6 - 34.7),37.9,(34.1 - 41.6)
27061,Itasca,Emergency department visits,2017-2019,All,All ages,392,134260,29.2,(26.3 - 32.1),33.7,(30.3 - 37.2)
27061,Itasca,Emergency department visits,2018-2020,All,All ages,357,135429,26.4,(23.6 - 29.1),30.1,(26.9 - 33.4)
27063,Jackson,Emergency department visits,2013-2015,All,All ages,77,30580,25.2,(19.9 - 31.5),27.5,(21.5 - 34.8)
27063,Jackson,Emergency department visits,2015-2017,All,All ages,79,29507,26.8,(21.2 - 33.4),29.6,(23.2 - 37.2)
27063,Jackson,Emergency department visits,2016-2018,All,All ages,75.8,29227,25.9,(20.4 - 32.5),28.9,(22.5 - 36.5)
27063,Jackson,Emergency department visits,2017-2019,All,All ages,75.4,29534,25.5,(20.1 - 32.0),29.2,(22.8 - 36.8)
27063,Jackson,Emergency department visits,2018-2020,All,All ages,61,29738,20.5,(15.7 - 26.3),24,(18.3 - 31.1)
27065,Kanabec,Emergency department visits,2013-2015,All,All ages,357,47793,74.7,(66.9 - 82.4),81.5,(72.7 - 90.2)
27065,Kanabec,Emergency department visits,2015-2017,All,All ages,245.4,46812,52.4,(45.9 - 59.0),62.1,(54.0 - 70.1)
27065,Kanabec,Emergency department visits,2016-2018,All,All ages,266,47373,56.1,(49.4 - 62.9),67.8,(59.5 - 76.2)
27065,Kanabec,Emergency department visits,2017-2019,All,All ages,247.5,47947,51.6,(45.2 - 58.0),61.5,(53.6 - 69.4)
27065,Kanabec,Emergency department visits,2018-2020,All,All ages,215,48501,44.3,(38.4 - 50.3),52,(44.8 - 59.2)
27067,Kandiyohi,Emergency department visits,2013-2015,All,All ages,280,127519,22,(19.4 - 24.5),23.3,(20.5 - 26.1)
27067,Kandiyohi,Emergency department visits,2015-2017,All,All ages,289.4,125708,23,(20.4 - 25.7),25,(22.0 - 27.9)
27067,Kandiyohi,Emergency department visits,2016-2018,All,All ages,283.8,126233,22.5,(19.9 - 25.1),24.3,(21.4 - 27.2)
27067,Kandiyohi,Emergency department visits,2017-2019,All,All ages,260.3,127419,20.4,(17.9 - 22.9),22.2,(19.4 - 24.9)
27067,Kandiyohi,Emergency department visits,2018-2020,All,All ages,250,128605,19.4 (UR),(17.0 - 21.8),21.2 (UR),(18.5 - 23.9)
27069,Kittson,Emergency department visits,2013-2015,All,All ages,27,13357,20.2,(13.3 - 29.4),23.8,(15.2 - 35.5)
27069,Kittson,Emergency department visits,2015-2017,All,All ages,24.7,12872,19.2,(12.4 - 28.4),20.2,(12.6 - 30.6)
27069,Kittson,Emergency department visits,2016-2018,All,All ages,24.7,12560,19.7,(12.7 - 29.1),21.8,(13.7 - 32.9)
27069,Kittson,Emergency department visits,2017-2019,All,All ages,15.8,12688,12.5 (UR),(7.1 - 20.3),13.5 (UR),(7.5 - 22.4)
27069,Kittson,Emergency department visits,2018-2020,All,All ages,11,12831,8.6,(4.3 - 15.3),9.3,(4.4 - 17.1)
27071,Koochiching,Emergency department visits,2013-2015,All,All ages,202,38841,52,(44.8 - 59.2),59.8,(51.0 - 68.6)
27071,Koochiching,Emergency department visits,2015-2017,All,All ages,131.2,37439,35,(29.1 - 41.0),39.8,(32.6 - 47.0)
27071,Koochiching,Emergency department visits,2016-2018,All,All ages,95.5,36791,25.9,(21.0 - 31.7),32.8,(26.3 - 40.3)
27071,Koochiching,Emergency department visits,2017-2019,All,All ages,81.7,37079,22,(17.5 - 27.4),27.8,(21.9 - 34.8)
27071,Koochiching,Emergency department visits,2018-2020,All,All ages,72,37310,19.3,(15.1 - 24.3),24.3,(18.7 - 31.1)
27073,Lac qui Parle,Emergency department visits,2013-2015,All,All ages,45,20757,21.7,(15.8 - 29.0),26.4,(18.8 - 36.1)
27073,Lac qui Parle,Emergency department visits,2015-2017,All,All ages,47.5,19902,23.9,(17.6 - 31.7),26.4,(18.9 - 35.8)
27073,Lac qui Parle,Emergency department visits,2016-2018,All,All ages,36.5,19587,18.6,(13.1 - 25.7),21.8,(14.9 - 30.9)
27073,Lac qui Parle,Emergency department visits,2017-2019,All,All ages,35.5,19822,17.9,(12.5 - 24.8),21.4,(14.5 - 30.4)
27073,Lac qui Parle,Emergency department visits,2018-2020,All,All ages,29,20022,14.5,(9.7 - 20.8),19.2,(12.6 - 28.0)
27075,Lake,Emergency department visits,2013-2015,All,All ages,183,32102,57,(48.7 - 65.3),69,(58.4 - 79.7)
27075,Lake,Emergency department visits,2015-2017,All,All ages,114,31077,36.7,(29.9 - 43.4),44.3,(35.7 - 53.0)
27075,Lake,Emergency department visits,2016-2018,All,All ages,92.9,30966,30,(24.2 - 36.7),36.2,(28.8 - 44.8)
27075,Lake,Emergency department visits,2017-2019,All,All ages,99.4,31363,31.7,(25.8 - 38.6),37,(29.7 - 45.7)
27075,Lake,Emergency department visits,2018-2020,All,All ages,94,31789,29.6,(23.9 - 36.2),33.9,(27.0 - 42.1)
27077,Lake of the Woods,Emergency department visits,2013-2015,All,All ages,26,11768,22.1,(14.4 - 32.4),24.2,(15.2 - 36.7)
27077,Lake of the Woods,Emergency department visits,2015-2017,All,All ages,27.7,11395,24.3,(16.1 - 35.2),28.1,(18.0 - 41.8)
27077,Lake of the Woods,Emergency department visits,2016-2018,All,All ages,28.8,11071,26.1,(17.4 - 37.4),30.3,(19.7 - 44.7)
27077,Lake of the Woods,Emergency department visits,2017-2019,All,All ages,31.2,11159,27.9,(19.0 - 39.6),33.9,(22.4 - 49.1)
27077,Lake of the Woods,Emergency department visits,2018-2020,All,All ages,40,11276,35.5,(25.3 - 48.3),44,(30.8 - 61.1)
27079,Le Sueur,Emergency department visits,2013-2015,All,All ages,250,83075,30.1,(26.4 - 33.8),33,(28.8 - 37.2)
27079,Le Sueur,Emergency department visits,2015-2017,All,All ages,294.2,81971,35.9,(31.8 - 40.0),40.1,(35.4 - 44.9)
27079,Le Sueur,Emergency department visits,2016-2018,All,All ages,289.3,83203,34.8,(30.8 - 38.8),38.6,(34.1 - 43.2)
27079,Le Sueur,Emergency department visits,2017-2019,All,All ages,267.6,84296,31.7,(27.9 - 35.6),35,(30.7 - 39.2)
27079,Le Sueur,Emergency department visits,2018-2020,All,All ages,204,85161,24,(20.7 - 27.2),26.2,(22.6 - 29.9)
27081,Lincoln,Emergency department visits,2013-2015,All,All ages,28,17379,16.1,(10.7 - 23.3),15.3,(9.7 - 22.8)
27081,Lincoln,Emergency department visits,2015-2017,All,All ages,32,16854,19,(13.0 - 26.8),20.1,(13.4 - 29.0)
27081,Lincoln,Emergency department visits,2016-2018,All,All ages,28,16631,16.8,(11.2 - 24.3),17.1,(11.0 - 25.2)
27081,Lincoln,Emergency department visits,2017-2019,All,All ages,30.6,16812,18.2,(12.3 - 25.9),17.5,(11.5 - 25.5)
27081,Lincoln,Emergency department visits,2018-2020,All,All ages,24,16991,14.1,(9.1 - 21.0),13,(8.0 - 20.1)
27083,Lyon,Emergency department visits,2013-2015,All,All ages,183,76979,23.8,(20.3 - 27.2),24.7,(21.1 - 28.4)
27083,Lyon,Emergency department visits,2015-2017,All,All ages,163.4,76186,21.4,(18.2 - 24.7),23.3,(19.6 - 27.0)
27083,Lyon,Emergency department visits,2016-2018,All,All ages,142.5,76592,18.6,(15.6 - 21.7),20.2,(16.8 - 23.7)
27083,Lyon,Emergency department visits,2017-2019,All,All ages,144.3,76843,18.8,(15.7 - 21.8),20,(16.7 - 23.3)
27083,Lyon,Emergency department visits,2018-2020,All,All ages,140,77083,18.2,(15.2 - 21.2),19.6,(16.3 - 22.9)
27085,McLeod,Emergency department visits,2013-2015,All,All ages,300,107803,27.8,(24.7 - 31.0),28.5,(25.2 - 31.9)
27085,McLeod,Emergency department visits,2015-2017,All,All ages,276,105891,26.1,(23.0 - 29.1),27.3,(24.0 - 30.6)
27085,McLeod,Emergency department visits,2016-2018,All,All ages,254.2,105863,24,(21.1 - 27.0),25.6,(22.4 - 28.8)
27085,McLeod,Emergency department visits,2017-2019,All,All ages,233.1,106732,21.8,(19.0 - 24.6),22.9,(19.9 - 25.9)
27085,McLeod,Emergency department visits,2018-2020,All,All ages,212,107493,19.7,(17.1 - 22.4),20.8,(17.9 - 23.6)
27087,Mahnomen,Emergency department visits,2013-2015,All,All ages,99,16467,60.1,(48.9 - 73.2),62,(50.0 - 76.0)
27087,Mahnomen,Emergency department visits,2015-2017,All,All ages,87.8,16138,54.4,(43.6 - 67.0),56.6,(45.0 - 70.2)
27087,Mahnomen,Emergency department visits,2016-2018,All,All ages,94.1,16332,57.6,(46.6 - 70.5),60.7,(48.6 - 74.8)
27087,Mahnomen,Emergency department visits,2017-2019,All,All ages,96.4,16472,58.5,(47.4 - 71.4),65.9,(53.0 - 81.0)
27087,Mahnomen,Emergency department visits,2018-2020,All,All ages,82,16528,49.6,(39.5 - 61.6),59.5,(46.9 - 74.3)
27089,Marshall,Emergency department visits,2013-2015,All,All ages,66,28310,23.3,(18.0 - 29.7),24.9,(19.1 - 31.9)
27089,Marshall,Emergency department visits,2015-2017,All,All ages,62.2,27644,22.5,(17.3 - 28.8),24.7,(18.8 - 31.8)
27089,Marshall,Emergency department visits,2016-2018,All,All ages,63.5,27596,23,(17.7 - 29.4),25.4,(19.4 - 32.7)
27089,Marshall,Emergency department visits,2017-2019,All,All ages,65,27864,23.3,(18.0 - 29.7),26.1,(20.0 - 33.5)
27089,Marshall,Emergency department visits,2018-2020,All,All ages,64,28115,22.8,(17.5 - 29.1),25.4,(19.4 - 32.8)
27091,Martin,Emergency department visits,2013-2015,All,All ages,218,60651,35.9,(31.2 - 40.7),41.6,(35.9 - 47.3)
27091,Martin,Emergency department visits,2015-2017,All,All ages,220.5,58650,37.6,(32.6 - 42.6),46.2,(39.9 - 52.4)
27091,Martin,Emergency department visits,2016-2018,All,All ages,232.7,58277,39.9,(34.8 - 45.1),48.4,(42.0 - 54.7)
27091,Martin,Emergency department visits,2017-2019,All,All ages,230.2,58872,39.1,(34.1 - 44.2),46.4,(40.3 - 52.6)
27091,Martin,Emergency department visits,2018-2020,All,All ages,201,59374,33.9,(29.2 - 38.5),39.4,(33.8 - 45.0)
27093,Meeker,Emergency department visits,2013-2015,All,All ages,118,69354,17,(13.9 - 20.1),18.2,(14.8 - 21.6)
27093,Meeker,Emergency department visits,2015-2017,All,All ages,143.9,68163,21.1,(17.7 - 24.6),22.4,(18.6 - 26.2)
27093,Meeker,Emergency department visits,2016-2018,All,All ages,131.4,68061,19.3,(16.0 - 22.6),21.2,(17.4 - 25.0)
27093,Meeker,Emergency department visits,2017-2019,All,All ages,138.7,68707,20.2,(16.8 - 23.5),22.3,(18.5 - 26.1)
27093,Meeker,Emergency department visits,2018-2020,All,All ages,117,69395,16.9,(13.8 - 19.9),18.7,(15.2 - 22.2)
27095,Mille Lacs,Emergency department visits,2013-2015,All,All ages,509,77424,65.7,(60.0 - 71.5),70.7,(64.5 - 77.0)
27095,Mille Lacs,Emergency department visits,2015-2017,All,All ages,425.6,76032,56,(50.7 - 61.3),61.5,(55.6 - 67.5)
27095,Mille Lacs,Emergency department visits,2016-2018,All,All ages,378,76485,49.4,(44.4 - 54.4),54.8,(49.2 - 60.4)
27095,Mille Lacs,Emergency department visits,2017-2019,All,All ages,380,77324,49.1,(44.2 - 54.1),54.5,(48.9 - 60.1)
27095,Mille Lacs,Emergency department visits,2018-2020,All,All ages,393,77967,50.4,(45.4 - 55.4),55.3,(49.7 - 60.9)
27097,Morrison,Emergency department visits,2013-2015,All,All ages,322,98481,32.7,(29.1 - 36.3),35.6,(31.6 - 39.6)
27097,Morrison,Emergency department visits,2015-2017,All,All ages,268.1,96818,27.7,(24.4 - 31.0),30.1,(26.4 - 33.7)
27097,Morrison,Emergency department visits,2016-2018,All,All ages,287.7,97624,29.5,(26.1 - 32.9),32.5,(28.6 - 36.3)
27097,Morrison,Emergency department visits,2017-2019,All,All ages,271.7,98559,27.6,(24.3 - 30.8),30.1,(26.4 - 33.8)
27097,Morrison,Emergency department visits,2018-2020,All,All ages,248,99352,25,(21.9 - 28.1),27.6,(24.1 - 31.2)
27099,Mower,Emergency department visits,2013-2015,All,All ages,468,117542,39.8,(36.2 - 43.4),41,(37.2 - 44.8)
27099,Mower,Emergency department visits,2015-2017,All,All ages,356.4,115491,30.9,(27.7 - 34.1),32.7,(29.2 - 36.1)
27099,Mower,Emergency department visits,2016-2018,All,All ages,330.5,117148,28.2,(25.2 - 31.3),30,(26.7 - 33.4)
27099,Mower,Emergency department visits,2017-2019,All,All ages,405.6,118516,34.2,(30.9 - 37.6),35.9,(32.4 - 39.5)
27099,Mower,Emergency department visits,2018-2020,All,All ages,453,119749,37.8,(34.3 - 41.3),40.1,(36.4 - 43.9)
27101,Murray,Emergency department visits,2013-2015,All,All ages,46,25401,18.1,(13.3 - 24.2),22,(15.9 - 29.6)
27101,Murray,Emergency department visits,2015-2017,All,All ages,56.6,24556,23,(17.4 - 29.9),29.3,(22.1 - 38.3)
27101,Murray,Emergency department visits,2016-2018,All,All ages,46.8,24359,19.2,(14.1 - 25.6),23.4,(17.0 - 31.4)
27101,Murray,Emergency department visits,2017-2019,All,All ages,44.2,24645,18,(13.1 - 24.1),22.2,(16.0 - 30.0)
27101,Murray,Emergency department visits,2018-2020,All,All ages,31,24819,12.5,(8.5 - 17.7),15,(10.0 - 21.8)
27103,Nicollet,Emergency department visits,2013-2015,All,All ages,278,99519,27.9,(24.7 - 31.2),28.8,(25.3 - 32.3)
27103,Nicollet,Emergency department visits,2015-2017,All,All ages,256.5,99187,25.9,(22.7 - 29.0),27.9,(24.4 - 31.5)
27103,Nicollet,Emergency department visits,2016-2018,All,All ages,238.2,100749,23.6,(20.6 - 26.6),26.5,(23.0 - 30.0)
27103,Nicollet,Emergency department visits,2017-2019,All,All ages,229.5,101600,22.6,(19.7 - 25.5),23.9,(20.8 - 27.1)
27103,Nicollet,Emergency department visits,2018-2020,All,All ages,220,102350,21.5,(18.7 - 24.3),21.7,(18.8 - 24.7)
27105,Nobles,Emergency department visits,2013-2015,All,All ages,120,65167,18.4,(15.1 - 21.7),18.1,(14.8 - 21.4)
27105,Nobles,Emergency department visits,2015-2017,All,All ages,81.3,64530,12.6,(10.0 - 15.7),13,(10.2 - 16.2)
27105,Nobles,Emergency department visits,2016-2018,All,All ages,72.8,64762,11.2,(8.8 - 14.1),11.4,(8.8 - 14.4)
27105,Nobles,Emergency department visits,2017-2019,All,All ages,69.1,65007,10.6,(8.3 - 13.5),10.6,(8.2 - 13.4)
27105,Nobles,Emergency department visits,2018-2020,All,All ages,69,65325,10.6,(8.2 - 13.4),10.9,(8.4 - 13.9)
27107,Norman,Emergency department visits,2013-2015,All,All ages,69,19980,34.5,(26.9 - 43.7),38.2,(29.4 - 48.8)
27107,Norman,Emergency department visits,2015-2017,All,All ages,47.9,19371,24.7,(18.2 - 32.8),28.3,(20.6 - 38.0)
27107,Norman,Emergency department visits,2016-2018,All,All ages,32.6,19185,17,(11.7 - 23.9),18.2,(12.3 - 26.0)
27107,Norman,Emergency department visits,2017-2019,All,All ages,30.8,19378,15.9,(10.8 - 22.6),17,(11.3 - 24.5)
27107,Norman,Emergency department visits,2018-2020,All,All ages,32,19461,16.4,(11.2 - 23.2),17.4,(11.7 - 25.0)
27109,Olmsted,Emergency department visits,2013-2015,All,All ages,1484,450705,32.9,(31.3 - 34.6),33.9,(32.2 - 35.7)
27109,Olmsted,Emergency department visits,2015-2017,All,All ages,1517,450021,33.7,(32.0 - 35.4),35.3,(33.5 - 37.1)
27109,Olmsted,Emergency department visits,2016-2018,All,All ages,1465.4,457980,32,(30.4 - 33.6),33.4,(31.7 - 35.2)
27109,Olmsted,Emergency department visits,2017-2019,All,All ages,1367.7,462597,29.6,(28.0 - 31.1),30.8,(29.1 - 32.5)
27109,Olmsted,Emergency department visits,2018-2020,All,All ages,1184,467532,25.3,(23.9 - 26.8),26.4,(24.9 - 27.9)
27111,Otter Tail,Emergency department visits,2013-2015,All,All ages,448,172917,25.9,(23.5 - 28.3),29.2,(26.4 - 32.0)
27111,Otter Tail,Emergency department visits,2015-2017,All,All ages,443.9,170066,26.1,(23.7 - 28.5),30.2,(27.2 - 33.1)
27111,Otter Tail,Emergency department visits,2016-2018,All,All ages,423,171505,24.7,(22.3 - 27.0),29.4,(26.5 - 32.3)
27111,Otter Tail,Emergency department visits,2017-2019,All,All ages,401.1,173526,23.1,(20.9 - 25.4),26.9,(24.2 - 29.7)
27111,Otter Tail,Emergency department visits,2018-2020,All,All ages,334,175423,19,(17.0 - 21.1),23,(20.4 - 25.5)
27113,Pennington,Emergency department visits,2013-2015,All,All ages,109,42412,25.7,(20.9 - 30.5),27.7,(22.5 - 33.0)
27113,Pennington,Emergency department visits,2015-2017,All,All ages,111.8,42021,26.6,(21.7 - 31.5),29.6,(23.9 - 35.3)
27113,Pennington,Emergency department visits,2016-2018,All,All ages,90.4,41939,21.6,(17.3 - 26.5),23.8,(18.9 - 29.4)
27113,Pennington,Emergency department visits,2017-2019,All,All ages,80,42223,18.9,(15.0 - 23.6),19.3,(15.2 - 24.2)
27113,Pennington,Emergency department visits,2018-2020,All,All ages,70,42471,16.5,(12.8 - 20.8),16.6,(12.8 - 21.1)
27115,Pine,Emergency department visits,2013-2015,All,All ages,369,87255,42.3,(38.0 - 46.6),46.4,(41.5 - 51.3)
27115,Pine,Emergency department visits,2015-2017,All,All ages,262.8,85636,30.7,(27.0 - 34.4),35.8,(31.3 - 40.3)
27115,Pine,Emergency department visits,2016-2018,All,All ages,233.5,86079,27.1,(23.6 - 30.6),32.3,(28.1 - 36.6)
27115,Pine,Emergency department visits,2017-2019,All,All ages,244.2,87153,28,(24.5 - 31.5),32.9,(28.7 - 37.2)
27115,Pine,Emergency department visits,2018-2020,All,All ages,239,87960,27.2,(23.7 - 30.6),31.3,(27.2 - 35.4)
27117,Pipestone,Emergency department visits,2013-2015,All,All ages,54,27860,19.4,(14.6 - 25.3),22.5,(16.8 - 29.7)
27117,Pipestone,Emergency department visits,2015-2017,All,All ages,33.1,27137,12.2,(8.4 - 17.1),13.8,(9.5 - 19.5)
27117,Pipestone,Emergency department visits,2016-2018,All,All ages,24,26791,9,(5.7 - 13.3),10.6,(6.7 - 15.9)
27117,Pipestone,Emergency department visits,2017-2019,All,All ages,25.3,27066,9.4,(6.1 - 13.8),10.7,(6.9 - 16.0)
27117,Pipestone,Emergency department visits,2018-2020,All,All ages,24,27401,8.8,(5.6 - 13.0),10,(6.3 - 15.1)
27119,Polk,Emergency department visits,2013-2015,All,All ages,340,94708,35.9,(32.1 - 39.7),38.2,(34.1 - 42.3)
27119,Polk,Emergency department visits,2015-2017,All,All ages,309.2,93222,33.2,(29.5 - 36.9),36.3,(32.1 - 40.5)
27119,Polk,Emergency department visits,2016-2018,All,All ages,287,93532,30.7,(27.1 - 34.2),33.5,(29.5 - 37.5)
27119,Polk,Emergency department visits,2017-2019,All,All ages,273.8,94047,29.1,(25.7 - 32.6),30.9,(27.2 - 34.7)
27119,Polk,Emergency department visits,2018-2020,All,All ages,224,94434,23.7,(20.6 - 26.8),25.1,(21.7 - 28.5)
27121,Pope,Emergency department visits,2013-2015,All,All ages,76,32907,23.1,(18.2 - 28.9),24.6,(19.1 - 31.2)
27121,Pope,Emergency department visits,2015-2017,All,All ages,63,32395,19.5,(15.0 - 24.9),20.4,(15.3 - 26.6)
27121,Pope,Emergency department visits,2016-2018,All,All ages,60.9,32382,18.8,(14.4 - 24.2),19.3,(14.4 - 25.3)
27121,Pope,Emergency department visits,2017-2019,All,All ages,62.7,32792,19.1,(14.7 - 24.5),19.3,(14.5 - 25.1)
27121,Pope,Emergency department visits,2018-2020,All,All ages,55,33252,16.5,(12.5 - 21.5),18.2,(13.5 - 24.1)
27123,Ramsey,Emergency department visits,2013-2015,All,All ages,9339,1599823,58.4,(57.2 - 59.6),60.1,(58.9 - 61.3)
27123,Ramsey,Emergency department visits,2015-2017,All,All ages,8566.6,1596537,53.7,(52.5 - 54.8),55.6,(54.4 - 56.8)
27123,Ramsey,Emergency department visits,2016-2018,All,All ages,8329.6,1619712,51.4,(50.3 - 52.5),53.7,(52.5 - 54.9)
27123,Ramsey,Emergency department visits,2017-2019,All,All ages,8254,1631174,50.6,(49.5 - 51.7),52.6,(51.5 - 53.8)
27123,Ramsey,Emergency department visits,2018-2020,All,All ages,6976,1641250,42.5,(41.5 - 43.5),44.2,(43.2 - 45.3)
27125,Red Lake,Emergency department visits,2013-2015,All,All ages,30,12125,24.7,(16.7 - 35.3),29,(19.4 - 41.7)
27125,Red Lake,Emergency department visits,2015-2017,All,All ages,27.8,11883,23.4,(15.5 - 33.9),26.4,(17.3 - 38.5)
27125,Red Lake,Emergency department visits,2016-2018,All,All ages,17.3,11813,14.7 (UR),(8.6 - 23.4),15.5 (UR),(8.9 - 25.1)
27125,Red Lake,Emergency department visits,2017-2019,All,All ages,19,11941,15.9 (UR),(9.6 - 24.9),16.1 (UR),(9.5 - 25.5)
27125,Red Lake,Emergency department visits,2018-2020,All,All ages,21,12019,17.5,(10.8 - 26.7),18.7,(11.2 - 29.3)
27127,Redwood,Emergency department visits,2013-2015,All,All ages,105,46682,22.5,(18.2 - 26.8),23.1,(18.5 - 27.7)
27127,Redwood,Emergency department visits,2015-2017,All,All ages,105.4,45277,23.3,(18.8 - 27.7),25.4,(20.4 - 30.5)
27127,Redwood,Emergency department visits,2016-2018,All,All ages,103.5,44834,23.1,(18.6 - 27.5),24,(19.2 - 28.8)
27127,Redwood,Emergency department visits,2017-2019,All,All ages,93.8,45328,20.7,(16.7 - 25.3),21.6,(17.3 - 26.6)
27127,Redwood,Emergency department visits,2018-2020,All,All ages,82,45703,17.9,(14.3 - 22.3),19,(15.0 - 23.8)
27129,Renville,Emergency department visits,2013-2015,All,All ages,117,45035,26,(21.3 - 30.7),27.9,(22.7 - 33.2)
27129,Renville,Emergency department visits,2015-2017,All,All ages,97.4,43392,22.5,(18.2 - 27.4),25,(20.1 - 30.6)
27129,Renville,Emergency department visits,2016-2018,All,All ages,101.9,43028,23.7,(19.1 - 28.3),26,(20.8 - 31.1)
27129,Renville,Emergency department visits,2017-2019,All,All ages,92,43505,21.2,(17.1 - 25.9),23.5,(18.9 - 29.0)
27129,Renville,Emergency department visits,2018-2020,All,All ages,80,43836,18.2,(14.5 - 22.7),20.7,(16.3 - 25.9)
27131,Rice,Emergency department visits,2013-2015,All,All ages,673,195356,34.4,(31.8 - 37.1),37.1,(34.2 - 40.0)
27131,Rice,Emergency department visits,2015-2017,All,All ages,630.4,193612,32.6,(30.0 - 35.1),34.7,(31.9 - 37.5)
27131,Rice,Emergency department visits,2016-2018,All,All ages,545.7,195989,27.8,(25.5 - 30.2),29.8,(27.2 - 32.4)
27131,Rice,Emergency department visits,2017-2019,All,All ages,501.5,197612,25.4,(23.2 - 27.6),26.9,(24.5 - 29.3)
27131,Rice,Emergency department visits,2018-2020,All,All ages,414,199257,20.8,(18.8 - 22.8),21.9,(19.8 - 24.1)
27133,Rock,Emergency department visits,2013-2015,All,All ages,84,28632,29.3,(23.4 - 36.3),31,(24.5 - 38.7)
27133,Rock,Emergency department visits,2015-2017,All,All ages,54.5,28056,19.4,(14.6 - 25.3),21.8,(16.3 - 28.6)
27133,Rock,Emergency department visits,2016-2018,All,All ages,41.9,27742,15.1,(10.9 - 20.4),17.4,(12.4 - 23.7)
27133,Rock,Emergency department visits,2017-2019,All,All ages,30.5,28017,10.9,(7.4 - 15.5),13,(8.7 - 18.6)
27133,Rock,Emergency department visits,2018-2020,All,All ages,32,28202,11.3,(7.8 - 16.0),13.1,(8.8 - 18.6)
27135,Roseau,Emergency department visits,2013-2015,All,All ages,180,47042,38.3,(32.7 - 43.9),40.5,(34.4 - 46.6)
27135,Roseau,Emergency department visits,2015-2017,All,All ages,171.9,46178,37.2,(31.7 - 42.8),41.1,(34.8 - 47.5)
27135,Roseau,Emergency department visits,2016-2018,All,All ages,162.4,45399,35.8,(30.3 - 41.3),39.8,(33.6 - 46.1)
27135,Roseau,Emergency department visits,2017-2019,All,All ages,149,45516,32.7,(27.5 - 38.0),36.3,(30.4 - 42.3)
27135,Roseau,Emergency department visits,2018-2020,All,All ages,119,45770,26,(21.3 - 30.7),29.2,(23.8 - 34.5)
27137,St. Louis,Emergency department visits,2013-2015,All,All ages,2368,601792,39.3,(37.8 - 40.9),42.5,(40.7 - 44.3)
27137,St. Louis,Emergency department visits,2015-2017,All,All ages,2105,591657,35.6,(34.1 - 37.1),39.1,(37.4 - 40.8)
27137,St. Louis,Emergency department visits,2016-2018,All,All ages,2032.3,590641,34.4,(32.9 - 35.9),38.1,(36.4 - 39.9)
27137,St. Louis,Emergency department visits,2017-2019,All,All ages,2057.4,594865,34.6,(33.1 - 36.1),38,(36.3 - 39.7)
27137,St. Louis,Emergency department visits,2018-2020,All,All ages,1809,599012,30.2,(28.8 - 31.6),33.2,(31.6 - 34.7)
27139,Scott,Emergency department visits,2013-2015,All,All ages,1275,418663,30.5,(28.8 - 32.1),30.4,(28.7 - 32.1)
27139,Scott,Emergency department visits,2015-2017,All,All ages,1132.1,423703,26.7,(25.2 - 28.3),27.1,(25.5 - 28.8)
27139,Scott,Emergency department visits,2016-2018,All,All ages,1136.3,433100,26.2,(24.7 - 27.8),26.9,(25.3 - 28.5)
27139,Scott,Emergency department visits,2017-2019,All,All ages,1159,436605,26.5,(25.0 - 28.1),27.1,(25.5 - 28.7)
27139,Scott,Emergency department visits,2018-2020,All,All ages,1065,439857,24.2,(22.8 - 25.7),24.9,(23.3 - 26.4)
27141,Sherburne,Emergency department visits,2013-2015,All,All ages,613,273164,22.4,(20.7 - 24.2),22.6,(20.8 - 24.4)
27141,Sherburne,Emergency department visits,2015-2017,All,All ages,632.6,275174,23,(21.2 - 24.8),23.1,(21.3 - 24.9)
27141,Sherburne,Emergency department visits,2016-2018,All,All ages,608.5,281761,21.6,(19.9 - 23.3),22.2,(20.4 - 24.1)
27141,Sherburne,Emergency department visits,2017-2019,All,All ages,595.8,283992,21,(19.3 - 22.7),21.4,(19.7 - 23.2)
27141,Sherburne,Emergency department visits,2018-2020,All,All ages,466,286514,16.3,(14.8 - 17.7),16.4,(14.9 - 17.9)
27143,Sibley,Emergency department visits,2013-2015,All,All ages,89,44812,19.9,(15.9 - 24.4),21,(16.8 - 26.0)
27143,Sibley,Emergency department visits,2015-2017,All,All ages,106.6,43815,24.3,(19.7 - 28.9),26.5,(21.4 - 31.7)
27143,Sibley,Emergency department visits,2016-2018,All,All ages,105.1,43969,23.9,(19.3 - 28.5),26.1,(20.9 - 31.2)
27143,Sibley,Emergency department visits,2017-2019,All,All ages,93.7,44441,21.1,(17.0 - 25.8),22.2,(17.8 - 27.3)
27143,Sibley,Emergency department visits,2018-2020,All,All ages,75,44791,16.7,(13.2 - 21.0),18.4,(14.3 - 23.2)
27145,Stearns,Emergency department visits,2013-2015,All,All ages,1082,460013,23.5,(22.1 - 24.9),23.9,(22.4 - 25.3)
27145,Stearns,Emergency department visits,2015-2017,All,All ages,913.5,460312,19.8,(18.6 - 21.1),20.6,(19.2 - 22.0)
27145,Stearns,Emergency department visits,2016-2018,All,All ages,917.1,468298,19.6,(18.3 - 20.9),20.2,(18.8 - 21.5)
27145,Stearns,Emergency department visits,2017-2019,All,All ages,936.8,472676,19.8,(18.5 - 21.1),20.5,(19.2 - 21.9)
27145,Stearns,Emergency department visits,2018-2020,All,All ages,945,477496,19.8,(18.5 - 21.1),20.4,(19.1 - 21.8)
27147,Steele,Emergency department visits,2013-2015,All,All ages,519,109757,47.3,(43.2 - 51.4),49.2,(44.9 - 53.5)
27147,Steele,Emergency department visits,2015-2017,All,All ages,469.2,108333,43.3,(39.4 - 47.2),46.9,(42.5 - 51.2)
27147,Steele,Emergency department visits,2016-2018,All,All ages,448,108677,41.2,(37.4 - 45.0),45.1,(40.8 - 49.3)
27147,Steele,Emergency department visits,2017-2019,All,All ages,439.2,109489,40.1,(36.4 - 43.9),42.9,(38.9 - 47.0)
27147,Steele,Emergency department visits,2018-2020,All,All ages,378,110196,34.3,(30.8 - 37.8),36.5,(32.8 - 40.2)
27149,Stevens,Emergency department visits,2013-2015,All,All ages,35,29392,11.9,(8.3 - 16.6),11.2,(7.6 - 15.9)
27149,Stevens,Emergency department visits,2015-2017,All,All ages,47,28785,16.3,(12.0 - 21.7),15.8,(11.3 - 21.4)
27149,Stevens,Emergency department visits,2016-2018,All,All ages,51.1,28744,17.8,(13.2 - 23.4),18,(13.1 - 24.1)
27149,Stevens,Emergency department visits,2017-2019,All,All ages,51.3,28981,17.7,(13.2 - 23.3),19.2,(14.1 - 25.6)
27149,Stevens,Emergency department visits,2018-2020,All,All ages,43,29312,14.7,(10.6 - 19.8),16,(11.4 - 21.9)
27151,Swift,Emergency department visits,2013-2015,All,All ages,76,28329,26.8,(21.1 - 33.6),31.4,(24.5 - 39.6)
27151,Swift,Emergency department visits,2015-2017,All,All ages,77.6,27601,28.1,(22.2 - 35.1),31.9,(24.9 - 40.2)
27151,Swift,Emergency department visits,2016-2018,All,All ages,65.8,27567,23.9,(18.4 - 30.4),26.5,(20.2 - 34.2)
27151,Swift,Emergency department visits,2017-2019,All,All ages,66,27790,23.7,(18.4 - 30.2),26.3,(20.2 - 33.7)
27151,Swift,Emergency department visits,2018-2020,All,All ages,62,28033,22.1,(17.0 - 28.4),23.8,(18.0 - 30.9)
27153,Todd,Emergency department visits,2013-2015,All,All ages,111,72955,15.2,(12.4 - 18.0),16.3,(13.1 - 19.4)
27153,Todd,Emergency department visits,2015-2017,All,All ages,156.2,71776,21.8,(18.3 - 25.2),23.6,(19.8 - 27.5)
27153,Todd,Emergency department visits,2016-2018,All,All ages,168.6,72239,23.3,(19.8 - 26.9),25.4,(21.4 - 29.3)
27153,Todd,Emergency department visits,2017-2019,All,All ages,193.4,72973,26.5,(22.8 - 30.2),29.6,(25.3 - 34.0)
27153,Todd,Emergency department visits,2018-2020,All,All ages,124,73679,16.8 (UR),(13.9 - 19.8),18.7 (UR),(15.3 - 22.2)
27155,Traverse,Emergency department visits,2013-2015,All,All ages,18,10202,17.6 (UR),(10.5 - 27.9),20.8 (UR),(11.7 - 34.2)
27155,Traverse,Emergency department visits,2015-2017,All,All ages,18,9826,18.3 (UR),(10.9 - 29.0),21.1 (UR),(12.1 - 34.4)
27155,Traverse,Emergency department visits,2016-2018,All,All ages,19,9681,19.6 (UR),(11.8 - 30.6),23.6 (UR),(14.0 - 37.2)
27155,Traverse,Emergency department visits,2017-2019,All,All ages,17.6,9804,18.0 (UR),(10.6 - 28.5),20.6 (UR),(12.0 - 33.1)
27155,Traverse,Emergency department visits,2018-2020,All,All ages,8,9901,8.1,(3.5 - 15.9),10.2,(4.3 - 20.2)
27157,Wabasha,Emergency department visits,2013-2015,All,All ages,207,63975,32.4,(27.9 - 36.8),37.4,(32.2 - 42.7)
27157,Wabasha,Emergency department visits,2015-2017,All,All ages,183,62994,29.1,(24.8 - 33.3),34.1,(28.9 - 39.2)
27157,Wabasha,Emergency department visits,2016-2018,All,All ages,181.9,63674,28.6,(24.4 - 32.7),34.3,(29.2 - 39.4)
27157,Wabasha,Emergency department visits,2017-2019,All,All ages,162.1,64257,25.2,(21.3 - 29.1),30,(25.3 - 34.7)
27157,Wabasha,Emergency department visits,2018-2020,All,All ages,152,64746,23.5,(19.7 - 27.2),27.9,(23.3 - 32.5)
27159,Wadena,Emergency department visits,2013-2015,All,All ages,186,41385,44.9,(38.5 - 51.4),49.2,(41.9 - 56.6)
27159,Wadena,Emergency department visits,2015-2017,All,All ages,147,40345,36.4,(30.5 - 42.3),39.6,(32.9 - 46.2)
27159,Wadena,Emergency department visits,2016-2018,All,All ages,134.8,40191,33.5,(27.9 - 39.2),36.9,(30.4 - 43.3)
27159,Wadena,Emergency department visits,2017-2019,All,All ages,133.8,40687,32.9,(27.3 - 38.5),37,(30.5 - 43.5)
27159,Wadena,Emergency department visits,2018-2020,All,All ages,129,41108,31.4,(26.0 - 36.8),36.5,(29.9 - 43.0)
27161,Waseca,Emergency department visits,2013-2015,All,All ages,221,57025,38.8,(33.6 - 43.9),40.9,(35.4 - 46.4)
27161,Waseca,Emergency department visits,2015-2017,All,All ages,212.8,56094,37.9,(32.8 - 43.0),39.7,(34.2 - 45.1)
27161,Waseca,Emergency department visits,2016-2018,All,All ages,232.5,55427,42,(36.6 - 47.3),44.1,(38.3 - 49.9)
27161,Waseca,Emergency department visits,2017-2019,All,All ages,232.9,55764,41.8,(36.4 - 47.1),44.2,(38.4 - 50.0)
27161,Waseca,Emergency department visits,2018-2020,All,All ages,225,56089,40.1,(34.9 - 45.4),43,(37.3 - 48.7)
27163,Washington,Emergency department visits,2013-2015,All,All ages,1729,747603,23.1,(22.0 - 24.2),24.4,(23.3 - 25.6)
27163,Washington,Emergency department visits,2015-2017,All,All ages,1532,747561,20.5,(19.5 - 21.5),21.8,(20.7 - 22.9)
27163,Washington,Emergency department visits,2016-2018,All,All ages,1484.1,759716,19.5,(18.5 - 20.5),20.9,(19.8 - 21.9)
27163,Washington,Emergency department visits,2017-2019,All,All ages,1476.3,766822,19.3,(18.3 - 20.2),20.3,(19.2 - 21.3)
27163,Washington,Emergency department visits,2018-2020,All,All ages,1318,774211,17,(16.1 - 17.9),17.9,(17.0 - 18.9)
27165,Watonwan,Emergency department visits,2013-2015,All,All ages,123,32972,37.3,(30.7 - 43.9),38.9,(31.8 - 45.9)
27165,Watonwan,Emergency department visits,2015-2017,All,All ages,107,32222,33.2,(26.9 - 39.5),35.6,(28.6 - 42.5)
27165,Watonwan,Emergency department visits,2016-2018,All,All ages,117,32243,36.3,(29.7 - 42.9),38.6,(31.4 - 45.7)
27165,Watonwan,Emergency department visits,2017-2019,All,All ages,111.8,32551,34.3,(28.0 - 40.7),36.8,(29.8 - 43.7)
27165,Watonwan,Emergency department visits,2018-2020,All,All ages,107,32855,32.6,(26.4 - 38.7),35.7,(28.7 - 42.6)
27167,Wilkin,Emergency department visits,2013-2015,All,All ages,73,19430,37.6,(29.4 - 47.2),41.4,(32.2 - 52.3)
27167,Wilkin,Emergency department visits,2015-2017,All,All ages,61,18791,32.5,(24.8 - 41.7),34.9,(26.4 - 45.3)
27167,Wilkin,Emergency department visits,2016-2018,All,All ages,68,18517,36.7,(28.5 - 46.5),40.3,(31.0 - 51.4)
27167,Wilkin,Emergency department visits,2017-2019,All,All ages,56,18674,30,(22.7 - 39.0),32.6,(24.4 - 42.6)
27167,Wilkin,Emergency department visits,2018-2020,All,All ages,49,18809,26.1,(19.3 - 34.4),29.5,(21.7 - 39.3)
27169,Winona,Emergency department visits,2013-2015,All,All ages,425,153333,27.7,(25.1 - 30.4),31.3,(28.2 - 34.4)
27169,Winona,Emergency department visits,2015-2017,All,All ages,397.8,150838,26.4,(23.8 - 29.0),30.7,(27.4 - 33.9)
27169,Winona,Emergency department visits,2016-2018,All,All ages,369.1,150360,24.5,(22.0 - 27.1),29,(25.8 - 32.1)
27169,Winona,Emergency department visits,2017-2019,All,All ages,340.2,151229,22.5,(20.1 - 24.9),26.5,(23.5 - 29.4)
27169,Winona,Emergency department visits,2018-2020,All,All ages,295,152294,19.4,(17.2 - 21.6),22.1,(19.4 - 24.7)
27171,Wright,Emergency department visits,2013-2015,All,All ages,850,389739,21.8,(20.3 - 23.3),22.1,(20.6 - 23.6)
27171,Wright,Emergency department visits,2015-2017,All,All ages,665.8,391602,17,(15.7 - 18.3),17.7,(16.2 - 19.1)
27171,Wright,Emergency department visits,2016-2018,All,All ages,670.2,399395,16.8,(15.5 - 18.1),17.4,(16.0 - 18.7)
27171,Wright,Emergency department visits,2017-2019,All,All ages,672.2,403264,16.7,(15.4 - 17.9),17.2,(15.9 - 18.5)
27171,Wright,Emergency department visits,2018-2020,All,All ages,566,407174,13.9,(12.8 - 15.0),14.4,(13.2 - 15.6)
27173,Yellow Medicine,Emergency department visits,2013-2015,All,All ages,88,30023,29.3,(23.5 - 36.1),35.3,(28.1 - 43.8)
27173,Yellow Medicine,Emergency department visits,2015-2017,All,All ages,84.5,29165,29,(23.1 - 35.9),34.3,(27.1 - 42.7)
27173,Yellow Medicine,Emergency department visits,2016-2018,All,All ages,81.2,28968,28,(22.3 - 34.8),32.1,(25.3 - 40.2)
27173,Yellow Medicine,Emergency department visits,2017-2019,All,All ages,70.3,29183,24.1,(18.8 - 30.4),27.6,(21.4 - 35.1)
27173,Yellow Medicine,Emergency department visits,2018-2020,All,All ages,70,29384,23.8,(18.6 - 30.1),27,(20.9 - 34.3)
