fips,geography,year,age,programGroup,enrolleesNumber,enrolleesPercent,dentalServiceNumber,dentalServicePercent,ci
27001,Aitkin,2012,All age groups combined,All Programs,4281,n/a,1507,35.2,(33.8-36.6)
27001,Aitkin,2013,All age groups combined,All Programs,4220,n/a,1413,33.5,(32.1-34.9)
27001,Aitkin,2014,All age groups combined,All Programs,4754,n/a,1596,33.6,(31.4-35.8)
27001,Aitkin,2015,All age groups combined,All Programs,5162,n/a,1740,33.7,(32.4-35.0)
27001,Aitkin,2016,All age groups combined,All Programs,5388,n/a,1839,34.1,(32.9-35.4)
27001,Aitkin,2017,All age groups combined,All Programs,5048,n/a,1687,33.4,(31.2-35.6)
27001,Aitkin,2018,All age groups combined,All Programs,4986,n/a,1708,34.3,(32.9-35.6)
27001,Aitkin,2019,All age groups combined,All Programs,4788,n/a,1663,34.7,(33.4-36.1)
27001,Aitkin,2020,All age groups combined,All Programs,4653,n/a,1329,28.6,(27.3-28.6)
27003,Anoka,2012,All age groups combined,All Programs,59733,n/a,22318,37.4,(37.0-37.8)
27003,Anoka,2013,All age groups combined,All Programs,61391,n/a,23201,37.8,(37.4-38.2)
27003,Anoka,2014,All age groups combined,All Programs,71293,n/a,25723,36.1,(33.9-38.3)
27003,Anoka,2015,All age groups combined,All Programs,80332,n/a,28261,35.2,(34.9-35.5)
27003,Anoka,2016,All age groups combined,All Programs,86074,n/a,28648,33.3,(33.0-33.6)
27003,Anoka,2017,All age groups combined,All Programs,82490,n/a,28501,34.6,(32.4-36.7)
27003,Anoka,2018,All age groups combined,All Programs,81943,n/a,29325,35.8,(35.5-36.1)
27003,Anoka,2019,All age groups combined,All Programs,80976,n/a,29278,36.2,(35.8-36.5)
27003,Anoka,2020,All age groups combined,All Programs,79628,n/a,23211,29.1,(28.8-29.2)
27005,Becker,2012,All age groups combined,All Programs,9452,n/a,3806,40.3,(39.3-41.3)
27005,Becker,2013,All age groups combined,All Programs,9459,n/a,3693,39,(38.1-40.0)
27005,Becker,2014,All age groups combined,All Programs,10060,n/a,4038,40.1,(37.9-42.4)
27005,Becker,2015,All age groups combined,All Programs,11318,n/a,4095,36.2,(35.3-37.1)
27005,Becker,2016,All age groups combined,All Programs,11743,n/a,4089,34.8,(34.0-35.7)
27005,Becker,2017,All age groups combined,All Programs,11446,n/a,4474,39.1,(36.8-41.3)
27005,Becker,2018,All age groups combined,All Programs,11443,n/a,4648,40.6,(39.7-41.5)
27005,Becker,2019,All age groups combined,All Programs,11067,n/a,4576,41.3,(40.4-42.3)
27005,Becker,2020,All age groups combined,All Programs,10461,n/a,3580,34.2,(33.3-34.2)
27007,Beltrami,2012,All age groups combined,All Programs,16177,n/a,6601,40.8,(40.0-41.6)
27007,Beltrami,2013,All age groups combined,All Programs,15771,n/a,6393,40.5,(39.8-41.3)
27007,Beltrami,2014,All age groups combined,All Programs,16556,n/a,6554,39.6,(37.3-41.8)
27007,Beltrami,2015,All age groups combined,All Programs,17804,n/a,6943,39,(38.3-39.7)
27007,Beltrami,2016,All age groups combined,All Programs,18306,n/a,7053,38.5,(37.8-39.2)
27007,Beltrami,2017,All age groups combined,All Programs,18063,n/a,6895,38.2,(35.9-40.4)
27007,Beltrami,2018,All age groups combined,All Programs,18509,n/a,7050,38.1,(37.4-38.8)
27007,Beltrami,2019,All age groups combined,All Programs,18179,n/a,7061,38.8,(38.1-39.6)
27007,Beltrami,2020,All age groups combined,All Programs,17340,n/a,5158,29.7,(29.1-29.8)
27009,Benton,2012,All age groups combined,All Programs,8759,n/a,3088,35.3,(34.3-36.3)
27009,Benton,2013,All age groups combined,All Programs,8859,n/a,3133,35.4,(34.4-36.4)
27009,Benton,2014,All age groups combined,All Programs,10260,n/a,3225,31.4,(29.3-33.6)
27009,Benton,2015,All age groups combined,All Programs,11545,n/a,3504,30.4,(29.5-31.2)
27009,Benton,2016,All age groups combined,All Programs,12132,n/a,3842,31.7,(30.8-32.5)
27009,Benton,2017,All age groups combined,All Programs,11553,n/a,3702,32,(29.9-34.2)
27009,Benton,2018,All age groups combined,All Programs,11527,n/a,3699,32.1,(31.2-32.9)
27009,Benton,2019,All age groups combined,All Programs,11313,n/a,3610,31.9,(31.1-32.8)
27009,Benton,2020,All age groups combined,All Programs,10914,n/a,3003,27.5,(26.7-27.5)
27011,Big Stone,2012,All age groups combined,All Programs,1122,n/a,439,39.1,(36.3-42.0)
27011,Big Stone,2013,All age groups combined,All Programs,1052,n/a,454,43.2,(40.2-46.1)
27011,Big Stone,2014,All age groups combined,All Programs,1210,n/a,487,40.2,(38.0-42.5)
27011,Big Stone,2015,All age groups combined,All Programs,1359,n/a,527,38.8,(36.2-41.4)
27011,Big Stone,2016,All age groups combined,All Programs,1427,n/a,519,36.4,(33.9-38.9)
27011,Big Stone,2017,All age groups combined,All Programs,1492,n/a,611,41,(38.7-43.2)
27011,Big Stone,2018,All age groups combined,All Programs,1657,n/a,597,36,(33.7-38.3)
27011,Big Stone,2019,All age groups combined,All Programs,1612,n/a,494,30.6,(28.4-32.9)
27011,Big Stone,2020,All age groups combined,All Programs,1560,n/a,433,27.8,(25.5-27.8)
27013,Blue Earth,2012,All age groups combined,All Programs,11554,n/a,4347,37.6,(36.7-38.5)
27013,Blue Earth,2013,All age groups combined,All Programs,11740,n/a,4358,37.1,(36.2-38.0)
27013,Blue Earth,2014,All age groups combined,All Programs,13706,n/a,4964,36.2,(34.0-38.4)
27013,Blue Earth,2015,All age groups combined,All Programs,15547,n/a,4750,30.6,(29.8-31.3)
27013,Blue Earth,2016,All age groups combined,All Programs,16449,n/a,4806,29.2,(28.5-29.9)
27013,Blue Earth,2017,All age groups combined,All Programs,16083,n/a,4990,31,(28.9-33.2)
27013,Blue Earth,2018,All age groups combined,All Programs,16196,n/a,5309,32.8,(32.1-33.5)
27013,Blue Earth,2019,All age groups combined,All Programs,16020,n/a,5007,31.3,(30.5-32.0)
27013,Blue Earth,2020,All age groups combined,All Programs,15749,n/a,4249,27,(26.3-27.0)
27015,Brown,2012,All age groups combined,All Programs,4200,n/a,1470,35,(33.6-36.4)
27015,Brown,2013,All age groups combined,All Programs,4216,n/a,1490,35.3,(33.9-36.8)
27015,Brown,2014,All age groups combined,All Programs,4970,n/a,1716,34.5,(32.3-36.7)
27015,Brown,2015,All age groups combined,All Programs,5643,n/a,1931,34.2,(33.0-35.5)
27015,Brown,2016,All age groups combined,All Programs,5941,n/a,1965,33.1,(31.9-34.3)
27015,Brown,2017,All age groups combined,All Programs,5723,n/a,1871,32.7,(30.5-34.9)
27015,Brown,2018,All age groups combined,All Programs,5646,n/a,1951,34.6,(33.3-35.8)
27015,Brown,2019,All age groups combined,All Programs,5557,n/a,1997,35.9,(34.7-37.2)
27015,Brown,2020,All age groups combined,All Programs,5489,n/a,1741,31.7,(30.5-31.7)
27017,Carlton,2012,All age groups combined,All Programs,7720,n/a,2863,37.1,(36.0-38.2)
27017,Carlton,2013,All age groups combined,All Programs,7779,n/a,2841,36.5,(35.5-37.6)
27017,Carlton,2014,All age groups combined,All Programs,8710,n/a,3064,35.2,(33.0-37.4)
27017,Carlton,2015,All age groups combined,All Programs,9533,n/a,3308,34.7,(33.7-35.7)
27017,Carlton,2016,All age groups combined,All Programs,9851,n/a,3252,33,(32.1-33.9)
27017,Carlton,2017,All age groups combined,All Programs,9487,n/a,3261,34.4,(32.2-36.6)
27017,Carlton,2018,All age groups combined,All Programs,9284,n/a,3190,34.4,(33.4-35.3)
27017,Carlton,2019,All age groups combined,All Programs,9049,n/a,3032,33.5,(32.5-34.5)
27017,Carlton,2020,All age groups combined,All Programs,8741,n/a,2350,26.9,(26.0-26.9)
27019,Carver,2012,All age groups combined,All Programs,8560,n/a,2953,34.5,(33.5-35.5)
27019,Carver,2013,All age groups combined,All Programs,8635,n/a,3119,36.1,(35.1-37.1)
27019,Carver,2014,All age groups combined,All Programs,11068,n/a,3574,32.3,(30.1-34.4)
27019,Carver,2015,All age groups combined,All Programs,13212,n/a,4290,32.5,(31.7-33.3)
27019,Carver,2016,All age groups combined,All Programs,14132,n/a,4099,29,(28.3-29.8)
27019,Carver,2017,All age groups combined,All Programs,13647,n/a,4032,29.5,(27.4-31.6)
27019,Carver,2018,All age groups combined,All Programs,13373,n/a,4197,31.4,(30.6-32.2)
27019,Carver,2019,All age groups combined,All Programs,13002,n/a,4184,32.2,(31.4-33.0)
27019,Carver,2020,All age groups combined,All Programs,13028,n/a,3222,24.7,(24.0-24.7)
27021,Cass,2012,All age groups combined,All Programs,9268,n/a,3426,37,(36.0-37.9)
27021,Cass,2013,All age groups combined,All Programs,9403,n/a,3560,37.9,(36.9-38.8)
27021,Cass,2014,All age groups combined,All Programs,10555,n/a,3892,36.9,(34.6-39.1)
27021,Cass,2015,All age groups combined,All Programs,11415,n/a,4102,35.9,(35.1-36.8)
27021,Cass,2016,All age groups combined,All Programs,11890,n/a,4119,34.6,(33.8-35.5)
27021,Cass,2017,All age groups combined,All Programs,11345,n/a,3788,33.4,(31.2-35.6)
27021,Cass,2018,All age groups combined,All Programs,11132,n/a,3847,34.6,(33.7-35.4)
27021,Cass,2019,All age groups combined,All Programs,10963,n/a,3743,34.1,(33.3-35.0)
27021,Cass,2020,All age groups combined,All Programs,10595,n/a,2914,27.5,(26.7-27.5)
27023,Chippewa,2012,All age groups combined,All Programs,2726,n/a,948,34.8,(33.0-36.6)
27023,Chippewa,2013,All age groups combined,All Programs,2784,n/a,1054,37.9,(36.1-39.7)
27023,Chippewa,2014,All age groups combined,All Programs,3328,n/a,1160,34.9,(32.7-37.1)
27023,Chippewa,2015,All age groups combined,All Programs,3794,n/a,1350,35.6,(34.1-37.1)
27023,Chippewa,2016,All age groups combined,All Programs,3962,n/a,1374,34.7,(33.2-36.2)
27023,Chippewa,2017,All age groups combined,All Programs,3943,n/a,1415,35.9,(33.7-38.1)
27023,Chippewa,2018,All age groups combined,All Programs,4010,n/a,1466,36.6,(35.1-38.0)
27023,Chippewa,2019,All age groups combined,All Programs,3821,n/a,1375,36,(34.5-37.5)
27023,Chippewa,2020,All age groups combined,All Programs,3733,n/a,1210,32.4,(30.9-32.4)
27025,Chisago,2012,All age groups combined,All Programs,8699,n/a,2978,34.2,(33.2-35.2)
27025,Chisago,2013,All age groups combined,All Programs,8725,n/a,2986,34.2,(33.2-35.2)
27025,Chisago,2014,All age groups combined,All Programs,10131,n/a,3188,31.5,(29.3-33.6)
27025,Chisago,2015,All age groups combined,All Programs,11533,n/a,3180,27.6,(26.8-28.4)
27025,Chisago,2016,All age groups combined,All Programs,12383,n/a,3369,27.2,(26.4-28.0)
27025,Chisago,2017,All age groups combined,All Programs,11716,n/a,3379,28.8,(26.8-30.9)
27025,Chisago,2018,All age groups combined,All Programs,11516,n/a,3299,28.6,(27.8-29.5)
27025,Chisago,2019,All age groups combined,All Programs,11060,n/a,3332,30.1,(29.3-31.0)
27025,Chisago,2020,All age groups combined,All Programs,10879,n/a,2672,24.6,(23.8-24.6)
27027,Clay,2012,All age groups combined,All Programs,12550,n/a,4312,34.4,(33.5-35.2)
27027,Clay,2013,All age groups combined,All Programs,12798,n/a,4321,33.8,(32.9-34.6)
27027,Clay,2014,All age groups combined,All Programs,14153,n/a,4613,32.6,(30.4-34.8)
27027,Clay,2015,All age groups combined,All Programs,16308,n/a,4769,29.2,(28.5-29.9)
27027,Clay,2016,All age groups combined,All Programs,17655,n/a,5299,30,(29.3-30.7)
27027,Clay,2017,All age groups combined,All Programs,17684,n/a,5863,33.2,(31.0-35.3)
27027,Clay,2018,All age groups combined,All Programs,18048,n/a,5998,33.2,(32.5-33.9)
27027,Clay,2019,All age groups combined,All Programs,17818,n/a,6427,36.1,(35.4-36.8)
27027,Clay,2020,All age groups combined,All Programs,17072,n/a,4925,28.8,(28.2-28.9)
27029,Clearwater,2012,All age groups combined,All Programs,2625,n/a,1105,42.1,(40.2-44.0)
27029,Clearwater,2013,All age groups combined,All Programs,2569,n/a,1024,39.9,(38.0-41.8)
27029,Clearwater,2014,All age groups combined,All Programs,2690,n/a,1065,39.6,(37.3-41.8)
27029,Clearwater,2015,All age groups combined,All Programs,2914,n/a,1136,39,(37.2-40.8)
27029,Clearwater,2016,All age groups combined,All Programs,3031,n/a,1080,35.6,(33.9-37.3)
27029,Clearwater,2017,All age groups combined,All Programs,3026,n/a,1104,36.5,(34.3-38.7)
27029,Clearwater,2018,All age groups combined,All Programs,3640,n/a,1119,30.7,(29.2-32.2)
27029,Clearwater,2019,All age groups combined,All Programs,2922,n/a,1123,38.4,(36.7-40.2)
27029,Clearwater,2020,All age groups combined,All Programs,2780,n/a,868,31.2,(29.5-31.2)
27031,Cook,2012,All age groups combined,All Programs,887,n/a,363,40.9,(37.7-44.2)
27031,Cook,2013,All age groups combined,All Programs,927,n/a,393,42.4,(39.2-45.6)
27031,Cook,2014,All age groups combined,All Programs,1420,n/a,581,40.9,(38.6-43.2)
27031,Cook,2015,All age groups combined,All Programs,1630,n/a,687,42.1,(39.8-44.5)
27031,Cook,2016,All age groups combined,All Programs,1678,n/a,678,40.4,(38.1-42.8)
27031,Cook,2017,All age groups combined,All Programs,1503,n/a,641,42.6,(40.4-44.9)
27031,Cook,2018,All age groups combined,All Programs,1490,n/a,611,41,(38.5-43.5)
27031,Cook,2019,All age groups combined,All Programs,1396,n/a,626,44.8,(42.2-47.5)
27031,Cook,2020,All age groups combined,All Programs,1307,n/a,459,35.1,(32.5-35.1)
27033,Cottonwood,2012,All age groups combined,All Programs,2830,n/a,1026,36.3,(34.5-38.0)
27033,Cottonwood,2013,All age groups combined,All Programs,2818,n/a,1039,36.9,(35.1-38.7)
27033,Cottonwood,2014,All age groups combined,All Programs,3143,n/a,1051,33.4,(31.3-35.6)
27033,Cottonwood,2015,All age groups combined,All Programs,3647,n/a,1054,28.9,(27.4-30.4)
27033,Cottonwood,2016,All age groups combined,All Programs,3859,n/a,1138,29.5,(28.1-30.9)
27033,Cottonwood,2017,All age groups combined,All Programs,3794,n/a,1163,30.7,(28.5-32.8)
27033,Cottonwood,2018,All age groups combined,All Programs,3697,n/a,1226,33.2,(31.6-34.7)
27033,Cottonwood,2019,All age groups combined,All Programs,3683,n/a,1190,32.3,(30.8-33.8)
27033,Cottonwood,2020,All age groups combined,All Programs,3543,n/a,1069,30.2,(28.6-30.2)
27035,Crow Wing,2012,All age groups combined,All Programs,15877,n/a,5366,33.8,(33.1-34.5)
27035,Crow Wing,2013,All age groups combined,All Programs,15198,n/a,5289,34.8,(34.0-35.6)
27035,Crow Wing,2014,All age groups combined,All Programs,17649,n/a,5829,33,(30.9-35.2)
27035,Crow Wing,2015,All age groups combined,All Programs,19852,n/a,6268,31.6,(30.9-32.2)
27035,Crow Wing,2016,All age groups combined,All Programs,20539,n/a,5994,29.2,(28.6-29.8)
27035,Crow Wing,2017,All age groups combined,All Programs,19675,n/a,6114,31.1,(28.9-33.2)
27035,Crow Wing,2018,All age groups combined,All Programs,19644,n/a,6292,32,(31.4-32.7)
27035,Crow Wing,2019,All age groups combined,All Programs,19125,n/a,6212,32.5,(31.8-33.1)
27035,Crow Wing,2020,All age groups combined,All Programs,18270,n/a,5214,28.5,(27.9-28.5)
27037,Dakota,2012,All age groups combined,All Programs,56680,n/a,20572,36.3,(35.9-36.7)
27037,Dakota,2013,All age groups combined,All Programs,58430,n/a,21317,36.5,(36.1-36.9)
27037,Dakota,2014,All age groups combined,All Programs,71681,n/a,24338,34,(31.8-36.1)
27037,Dakota,2015,All age groups combined,All Programs,82810,n/a,25155,30.4,(30.1-30.7)
27037,Dakota,2016,All age groups combined,All Programs,89344,n/a,27515,30.8,(30.5-31.1)
27037,Dakota,2017,All age groups combined,All Programs,86902,n/a,27578,31.7,(29.6-33.9)
27037,Dakota,2018,All age groups combined,All Programs,87731,n/a,28793,32.8,(32.5-33.1)
27037,Dakota,2019,All age groups combined,All Programs,87778,n/a,29231,33.3,(33.0-33.6)
27037,Dakota,2020,All age groups combined,All Programs,86364,n/a,21835,25.3,(25.0-25.3)
27039,Dodge,2012,All age groups combined,All Programs,3485,n/a,920,26.4,(24.9-27.9)
27039,Dodge,2013,All age groups combined,All Programs,3414,n/a,978,28.6,(27.1-30.2)
27039,Dodge,2014,All age groups combined,All Programs,3979,n/a,1104,27.7,(25.7-29.8)
27039,Dodge,2015,All age groups combined,All Programs,4443,n/a,1225,27.6,(26.3-28.9)
27039,Dodge,2016,All age groups combined,All Programs,4663,n/a,1381,29.6,(28.3-30.9)
27039,Dodge,2017,All age groups combined,All Programs,4412,n/a,1401,31.8,(29.6-33.9)
27039,Dodge,2018,All age groups combined,All Programs,4353,n/a,1480,34,(32.6-35.4)
27039,Dodge,2019,All age groups combined,All Programs,4193,n/a,1354,32.3,(30.9-33.7)
27039,Dodge,2020,All age groups combined,All Programs,3947,n/a,1087,27.5,(26.1-27.6)
27041,Douglas,2012,All age groups combined,All Programs,7085,n/a,2883,40.7,(39.5-41.8)
27041,Douglas,2013,All age groups combined,All Programs,6930,n/a,3958,57.1,(55.9-58.3)
27041,Douglas,2014,All age groups combined,All Programs,7621,n/a,3036,39.8,(37.6-42.1)
27041,Douglas,2015,All age groups combined,All Programs,8809,n/a,3273,37.2,(36.1-38.2)
27041,Douglas,2016,All age groups combined,All Programs,9278,n/a,3498,37.7,(36.7-38.7)
27041,Douglas,2017,All age groups combined,All Programs,8696,n/a,3514,40.4,(38.1-42.7)
27041,Douglas,2018,All age groups combined,All Programs,8545,n/a,3492,40.9,(39.8-41.9)
27041,Douglas,2019,All age groups combined,All Programs,8286,n/a,3331,40.2,(39.1-41.3)
27041,Douglas,2020,All age groups combined,All Programs,7918,n/a,2858,36.1,(35.0-36.1)
27043,Faribault,2012,All age groups combined,All Programs,3331,n/a,1099,33,(31.4-34.6)
27043,Faribault,2013,All age groups combined,All Programs,3246,n/a,1122,34.6,(32.9-36.2)
27043,Faribault,2014,All age groups combined,All Programs,3689,n/a,1180,32,(29.8-34.1)
27043,Faribault,2015,All age groups combined,All Programs,4186,n/a,1181,28.2,(26.8-29.6)
27043,Faribault,2016,All age groups combined,All Programs,4527,n/a,1261,27.9,(26.5-29.2)
27043,Faribault,2017,All age groups combined,All Programs,4478,n/a,1323,29.5,(27.4-31.6)
27043,Faribault,2018,All age groups combined,All Programs,4445,n/a,1279,28.8,(27.4-30.1)
27043,Faribault,2019,All age groups combined,All Programs,4371,n/a,1315,30.1,(28.7-31.4)
27043,Faribault,2020,All age groups combined,All Programs,4185,n/a,1140,27.2,(25.9-27.3)
27045,Fillmore,2012,All age groups combined,All Programs,3837,n/a,1048,27.3,(25.9-28.7)
27045,Fillmore,2013,All age groups combined,All Programs,3916,n/a,1216,31.1,(29.6-32.5)
27045,Fillmore,2014,All age groups combined,All Programs,4506,n/a,1256,27.9,(25.8-29.9)
27045,Fillmore,2015,All age groups combined,All Programs,5031,n/a,1301,25.9,(24.6-27.1)
27045,Fillmore,2016,All age groups combined,All Programs,5284,n/a,1294,24.5,(23.3-25.6)
27045,Fillmore,2017,All age groups combined,All Programs,5077,n/a,1411,27.8,(25.7-29.9)
27045,Fillmore,2018,All age groups combined,All Programs,5066,n/a,1478,29.2,(27.9-30.4)
27045,Fillmore,2019,All age groups combined,All Programs,4965,n/a,1483,29.9,(28.6-31.1)
27045,Fillmore,2020,All age groups combined,All Programs,4755,n/a,1222,25.7,(24.5-25.7)
27047,Freeborn,2012,All age groups combined,All Programs,7091,n/a,1781,25.1,(24.1-26.1)
27047,Freeborn,2013,All age groups combined,All Programs,7088,n/a,1944,27.4,(26.4-28.5)
27047,Freeborn,2014,All age groups combined,All Programs,8195,n/a,2249,27.4,(25.4-29.5)
27047,Freeborn,2015,All age groups combined,All Programs,9363,n/a,2681,28.6,(27.7-29.5)
27047,Freeborn,2016,All age groups combined,All Programs,9763,n/a,2668,27.3,(26.4-28.2)
27047,Freeborn,2017,All age groups combined,All Programs,9372,n/a,2431,25.9,(23.9-28.0)
27047,Freeborn,2018,All age groups combined,All Programs,9177,n/a,2610,28.4,(27.5-29.4)
27047,Freeborn,2019,All age groups combined,All Programs,9170,n/a,2663,29,(28.1-30.0)
27047,Freeborn,2020,All age groups combined,All Programs,8774,n/a,2487,28.3,(27.4-28.4)
27049,Goodhue,2012,All age groups combined,All Programs,7159,n/a,1894,26.5,(25.4-27.5)
27049,Goodhue,2013,All age groups combined,All Programs,7088,n/a,2052,29,(27.9-30.0)
27049,Goodhue,2014,All age groups combined,All Programs,8411,n/a,2414,28.7,(26.6-30.8)
27049,Goodhue,2015,All age groups combined,All Programs,9556,n/a,2672,28,(27.1-28.9)
27049,Goodhue,2016,All age groups combined,All Programs,9957,n/a,2767,27.8,(26.9-28.7)
27049,Goodhue,2017,All age groups combined,All Programs,9291,n/a,2357,25.4,(23.4-27.4)
27049,Goodhue,2018,All age groups combined,All Programs,9323,n/a,2426,26,(25.1-26.9)
27049,Goodhue,2019,All age groups combined,All Programs,8866,n/a,2710,30.6,(29.6-31.5)
27049,Goodhue,2020,All age groups combined,All Programs,8765,n/a,2469,28.2,(27.2-28.2)
27051,Grant,2012,All age groups combined,All Programs,1399,n/a,578,41.3,(38.7-43.9)
27051,Grant,2013,All age groups combined,All Programs,1357,n/a,557,41,(38.4-43.7)
27051,Grant,2014,All age groups combined,All Programs,1576,n/a,589,37.4,(35.1-39.6)
27051,Grant,2015,All age groups combined,All Programs,1767,n/a,692,39.2,(36.9-41.4)
27051,Grant,2016,All age groups combined,All Programs,1798,n/a,668,37.2,(34.9-39.4)
27051,Grant,2017,All age groups combined,All Programs,1767,n/a,725,41,(38.8-43.3)
27051,Grant,2018,All age groups combined,All Programs,1742,n/a,698,40.1,(37.8-42.4)
27051,Grant,2019,All age groups combined,All Programs,1736,n/a,713,41.1,(38.8-43.4)
27051,Grant,2020,All age groups combined,All Programs,1688,n/a,571,33.8,(31.6-33.8)
27053,Hennepin,2012,All age groups combined,All Programs,254422,n/a,89485,35.2,(35.0-35.4)
27053,Hennepin,2013,All age groups combined,All Programs,253614,n/a,88403,34.9,(34.7-35.0)
27053,Hennepin,2014,All age groups combined,All Programs,297298,n/a,98677,33.2,(31.0-35.4)
27053,Hennepin,2015,All age groups combined,All Programs,334128,n/a,106933,32,(31.8-32.2)
27053,Hennepin,2016,All age groups combined,All Programs,353009,n/a,103846,29.4,(29.3-29.6)
27053,Hennepin,2017,All age groups combined,All Programs,339168,n/a,106669,31.5,(29.3-33.6)
27053,Hennepin,2018,All age groups combined,All Programs,337941,n/a,113642,33.6,(33.5-33.8)
27053,Hennepin,2019,All age groups combined,All Programs,327097,n/a,112049,34.3,(34.1-34.4)
27053,Hennepin,2020,All age groups combined,All Programs,316220,n/a,84627,26.8,(26.6-26.8)
27055,Houston,2012,All age groups combined,All Programs,3086,n/a,874,28.3,(26.7-29.9)
27055,Houston,2013,All age groups combined,All Programs,2880,n/a,918,31.9,(30.2-33.6)
27055,Houston,2014,All age groups combined,All Programs,3360,n/a,916,27.3,(25.2-29.3)
27055,Houston,2015,All age groups combined,All Programs,3692,n/a,862,23.3,(22.0-24.7)
27055,Houston,2016,All age groups combined,All Programs,3772,n/a,975,25.8,(24.5-27.2)
27055,Houston,2017,All age groups combined,All Programs,3672,n/a,1051,28.6,(26.5-30.7)
27055,Houston,2018,All age groups combined,All Programs,3644,n/a,1027,28.2,(26.7-29.6)
27055,Houston,2019,All age groups combined,All Programs,3576,n/a,1095,30.6,(29.1-32.1)
27055,Houston,2020,All age groups combined,All Programs,3491,n/a,932,26.7,(25.2-26.7)
27057,Hubbard,2012,All age groups combined,All Programs,5328,n/a,2311,43.4,(42.0-44.7)
27057,Hubbard,2013,All age groups combined,All Programs,5315,n/a,2318,43.6,(42.3-44.9)
27057,Hubbard,2014,All age groups combined,All Programs,5973,n/a,2441,40.9,(38.6-43.1)
27057,Hubbard,2015,All age groups combined,All Programs,6577,n/a,2625,39.9,(38.7-41.1)
27057,Hubbard,2016,All age groups combined,All Programs,6768,n/a,2631,38.9,(37.7-40.0)
27057,Hubbard,2017,All age groups combined,All Programs,6640,n/a,2684,40.4,(38.2-42.7)
27057,Hubbard,2018,All age groups combined,All Programs,6775,n/a,2733,40.3,(39.2-41.5)
27057,Hubbard,2019,All age groups combined,All Programs,6656,n/a,2807,42.2,(41.0-43.4)
27057,Hubbard,2020,All age groups combined,All Programs,6502,n/a,2146,33,(31.9-33.0)
27059,Isanti,2012,All age groups combined,All Programs,8299,n/a,2591,31.2,(30.2-32.2)
27059,Isanti,2013,All age groups combined,All Programs,8256,n/a,2670,32.3,(31.3-33.3)
27059,Isanti,2014,All age groups combined,All Programs,9294,n/a,2853,30.7,(28.6-32.8)
27059,Isanti,2015,All age groups combined,All Programs,10464,n/a,2875,27.5,(26.6-28.3)
27059,Isanti,2016,All age groups combined,All Programs,10950,n/a,2857,26.1,(25.3-26.9)
27059,Isanti,2017,All age groups combined,All Programs,10560,n/a,3026,28.7,(26.6-30.7)
27059,Isanti,2018,All age groups combined,All Programs,10256,n/a,2999,29.2,(28.4-30.1)
27059,Isanti,2019,All age groups combined,All Programs,9868,n/a,2864,29,(28.1-29.9)
27059,Isanti,2020,All age groups combined,All Programs,9324,n/a,2302,24.7,(23.8-24.7)
27061,Itasca,2012,All age groups combined,All Programs,11806,n/a,5102,43.2,(42.3-44.1)
27061,Itasca,2013,All age groups combined,All Programs,11804,n/a,5164,43.7,(42.9-44.6)
27061,Itasca,2014,All age groups combined,All Programs,13086,n/a,5590,42.7,(40.4-45.0)
27061,Itasca,2015,All age groups combined,All Programs,14081,n/a,5736,40.7,(39.9-41.5)
27061,Itasca,2016,All age groups combined,All Programs,14693,n/a,5784,39.4,(38.6-40.2)
27061,Itasca,2017,All age groups combined,All Programs,14395,n/a,5878,40.8,(38.6-43.1)
27061,Itasca,2018,All age groups combined,All Programs,14053,n/a,5930,42.2,(41.4-43.0)
27061,Itasca,2019,All age groups combined,All Programs,13547,n/a,5502,40.6,39.8-41.4)
27061,Itasca,2020,All age groups combined,All Programs,13085,n/a,4461,34.1,(33.3-34.1)
27063,Jackson,2012,All age groups combined,All Programs,1825,n/a,585,32.1,(29.9-34.2)
27063,Jackson,2013,All age groups combined,All Programs,1832,n/a,550,30,(27.9-32.1)
27063,Jackson,2014,All age groups combined,All Programs,2099,n/a,627,29.9,(27.8-32.0)
27063,Jackson,2015,All age groups combined,All Programs,2362,n/a,654,27.7,(25.9-29.5)
27063,Jackson,2016,All age groups combined,All Programs,2480,n/a,675,27.2,(25.5-29.0)
27063,Jackson,2017,All age groups combined,All Programs,2447,n/a,648,26.5,(24.4-28.5)
27063,Jackson,2018,All age groups combined,All Programs,2444,n/a,676,27.7,(25.9-29.4)
27063,Jackson,2019,All age groups combined,All Programs,2394,n/a,654,27.3,(25.5-29.1)
27063,Jackson,2020,All age groups combined,All Programs,2344,n/a,544,23.2,(21.5-23.2)
27065,Kanabec,2012,All age groups combined,All Programs,4372,n/a,1535,35.1,(33.7-36.5)
27065,Kanabec,2013,All age groups combined,All Programs,4224,n/a,1420,33.6,(32.2-35.0)
27065,Kanabec,2014,All age groups combined,All Programs,4747,n/a,1530,32.2,(30.1-34.4)
27065,Kanabec,2015,All age groups combined,All Programs,5166,n/a,1666,32.2,(31.0-33.5)
27065,Kanabec,2016,All age groups combined,All Programs,5230,n/a,1606,30.7,(29.5-32.0)
27065,Kanabec,2017,All age groups combined,All Programs,5166,n/a,1675,32.4,(30.3-34.6)
27065,Kanabec,2018,All age groups combined,All Programs,5142,n/a,1730,33.6,(32.4-34.9)
27065,Kanabec,2019,All age groups combined,All Programs,4966,n/a,1724,34.7,(33.4-36.0)
27065,Kanabec,2020,All age groups combined,All Programs,4673,n/a,1422,30.4,(29.1-30.4)
27067,Kandiyohi,2012,All age groups combined,All Programs,11164,n/a,4409,39.5,(38.6-40.4)
27067,Kandiyohi,2013,All age groups combined,All Programs,11125,n/a,4366,39.2,(38.3-40.2)
27067,Kandiyohi,2014,All age groups combined,All Programs,12443,n/a,4723,38,(35.7-40.2)
27067,Kandiyohi,2015,All age groups combined,All Programs,14304,n/a,5218,36.5,(35.7-37.3)
27067,Kandiyohi,2016,All age groups combined,All Programs,15116,n/a,5572,36.9,(36.1-37.6)
27067,Kandiyohi,2017,All age groups combined,All Programs,15115,n/a,5653,37.4,(35.2-39.6)
27067,Kandiyohi,2018,All age groups combined,All Programs,15202,n/a,5919,38.9,(38.2-39.7)
27067,Kandiyohi,2019,All age groups combined,All Programs,14941,n/a,5809,38.9,(38.1-39.7)
27067,Kandiyohi,2020,All age groups combined,All Programs,14098,n/a,4542,32.2,(31.4-32.2)
27069,Kittson,2012,All age groups combined,All Programs,969,n/a,320,33,(30.1-36.0)
27069,Kittson,2013,All age groups combined,All Programs,1006,n/a,342,34,(31.1-36.9)
27069,Kittson,2014,All age groups combined,All Programs,1025,n/a,303,29.6,(27.5-31.7)
27069,Kittson,2015,All age groups combined,All Programs,1129,n/a,336,29.8,(27.1-32.4)
27069,Kittson,2016,All age groups combined,All Programs,1177,n/a,352,29.9,(27.3-32.5)
27069,Kittson,2017,All age groups combined,All Programs,1136,n/a,365,32.1,(30.0-34.3)
27069,Kittson,2018,All age groups combined,All Programs,1135,n/a,378,33.3,(30.6-36.0)
27069,Kittson,2019,All age groups combined,All Programs,1125,n/a,368,32.7,(30.0-35.5)
27069,Kittson,2020,All age groups combined,All Programs,1076,n/a,255,23.7,(21.2-23.7)
27071,Koochiching,2012,All age groups combined,All Programs,3183,n/a,1241,39,(37.3-40.7)
27071,Koochiching,2013,All age groups combined,All Programs,2983,n/a,1141,38.3,(36.5-40.0)
27071,Koochiching,2014,All age groups combined,All Programs,3498,n/a,1272,36.4,(34.1-38.6)
27071,Koochiching,2015,All age groups combined,All Programs,3891,n/a,1488,38.2,(36.7-39.8)
27071,Koochiching,2016,All age groups combined,All Programs,4114,n/a,1472,35.8,(34.3-37.2)
27071,Koochiching,2017,All age groups combined,All Programs,3904,n/a,1410,36.1,(33.9-38.3)
27071,Koochiching,2018,All age groups combined,All Programs,3758,n/a,1326,35.3,(33.8-36.8)
27071,Koochiching,2019,All age groups combined,All Programs,3549,n/a,1372,38.7,(37.1-40.3)
27071,Koochiching,2020,All age groups combined,All Programs,3277,n/a,1104,33.7,(32.1-33.7)
27073,Lac Qui Parle,2012,All age groups combined,All Programs,1391,n/a,526,37.8,(35.3-40.4)
27073,Lac Qui Parle,2013,All age groups combined,All Programs,1283,n/a,486,37.9,(35.2-40.5)
27073,Lac Qui Parle,2014,All age groups combined,All Programs,1497,n/a,565,37.7,(35.5-40.0)
27073,Lac Qui Parle,2015,All age groups combined,All Programs,1717,n/a,653,38,(35.7-40.3)
27073,Lac Qui Parle,2016,All age groups combined,All Programs,1826,n/a,665,36.4,(34.2-38.6)
27073,Lac Qui Parle,2017,All age groups combined,All Programs,1756,n/a,680,38.7,(36.5-41.0)
27073,Lac Qui Parle,2018,All age groups combined,All Programs,1749,n/a,683,39.1,(36.8-41.3)
27073,Lac Qui Parle,2019,All age groups combined,All Programs,1762,n/a,678,38.5,(36.2-40.8)
27073,Lac Qui Parle,2020,All age groups combined,All Programs,1756,n/a,575,32.7,(30.5-32.8)
27075,Lake,2012,All age groups combined,All Programs,1919,n/a,708,36.9,(34.7-39.1)
27075,Lake,2013,All age groups combined,All Programs,1934,n/a,677,35,(32.9-37.1)
27075,Lake,2014,All age groups combined,All Programs,2287,n/a,736,32.2,(30.0-34.3)
27075,Lake,2015,All age groups combined,All Programs,2633,n/a,799,30.3,(28.6-32.1)
27075,Lake,2016,All age groups combined,All Programs,2717,n/a,745,27.4,(25.7-29.1)
27075,Lake,2017,All age groups combined,All Programs,2548,n/a,770,30.2,(28.1-32.3)
27075,Lake,2018,All age groups combined,All Programs,2463,n/a,805,32.7,(30.8-34.5)
27075,Lake,2019,All age groups combined,All Programs,2376,n/a,761,32,(30.2-33.9)
27075,Lake,2020,All age groups combined,All Programs,2354,n/a,593,25.2,(23.4-25.2)
27077,Lake of the Woods,2012,All age groups combined,All Programs,977,n/a,368,37.7,(34.6-40.7)
27077,Lake of the Woods,2013,All age groups combined,All Programs,967,n/a,356,36.8,(33.8-39.9)
27077,Lake of the Woods,2014,All age groups combined,All Programs,1081,n/a,408,37.7,(35.5-40.0)
27077,Lake of the Woods,2015,All age groups combined,All Programs,1148,n/a,411,35.8,(33.0-38.6)
27077,Lake of the Woods,2016,All age groups combined,All Programs,1224,n/a,428,35,(32.3-37.6)
27077,Lake of the Woods,2017,All age groups combined,All Programs,1144,n/a,427,37.3,(35.1-39.6)
27077,Lake of the Woods,2018,All age groups combined,All Programs,1142,n/a,382,33.5,(30.7-36.2)
27079,Le Sueur,2012,All age groups combined,All Programs,4432,n/a,1521,34.3,(32.9-35.7)
27079,Le Sueur,2013,All age groups combined,All Programs,4422,n/a,1556,35.2,(33.8-36.6)
27079,Le Sueur,2014,All age groups combined,All Programs,5225,n/a,1686,32.3,(30.1-34.4)
27079,Le Sueur,2015,All age groups combined,All Programs,5887,n/a,1699,28.9,(27.7-30.0)
27079,Le Sueur,2016,All age groups combined,All Programs,6097,n/a,1705,28,(26.8-29.1)
27079,Le Sueur,2017,All age groups combined,All Programs,5981,n/a,1850,30.9,(28.8-33.1)
27079,Le Sueur,2018,All age groups combined,All Programs,5866,n/a,1911,32.6,(31.4-33.8)
27079,Le Sueur,2019,All age groups combined,All Programs,5667,n/a,1743,30.8,(29.6-32.0)
27079,Le Sueur,2020,All age groups combined,All Programs,5464,n/a,1457,26.7,(25.5-26.7)
27081,Lincoln,2012,All age groups combined,All Programs,1020,n/a,274,26.9,(24.1-29.6)
27081,Lincoln,2013,All age groups combined,All Programs,1028,n/a,310,30.2,(27.4-33.0)
27081,Lincoln,2014,All age groups combined,All Programs,1200,n/a,334,27.8,(25.8-29.9)
27081,Lincoln,2015,All age groups combined,All Programs,1425,n/a,349,24.5,(22.3-26.7)
27081,Lincoln,2016,All age groups combined,All Programs,1529,n/a,411,26.9,(24.7-29.1)
27081,Lincoln,2017,All age groups combined,All Programs,1507,n/a,409,27.1,(25.1-29.2)
27081,Lincoln,2018,All age groups combined,All Programs,1469,n/a,407,27.7,(25.4-30.0)
27081,Lincoln,2019,All age groups combined,All Programs,1364,n/a,390,28.6,(26.2-31.0)
27081,Lincoln,2020,All age groups combined,All Programs,1276,n/a,335,26.3,(23.8-26.3)
27083,Lyon,2012,All age groups combined,All Programs,5537,n/a,1721,31.1,(29.9-32.3)
27083,Lyon,2013,All age groups combined,All Programs,5522,n/a,1819,32.9,(31.7-34.2)
27083,Lyon,2014,All age groups combined,All Programs,6349,n/a,1953,30.8,(28.6-32.9)
27083,Lyon,2015,All age groups combined,All Programs,7565,n/a,2067,27.3,(26.3-28.3)
27083,Lyon,2016,All age groups combined,All Programs,8000,n/a,2406,30.1,(29.1-31.1)
27083,Lyon,2017,All age groups combined,All Programs,7821,n/a,2584,33,(30.9-35.2)
27083,Lyon,2018,All age groups combined,All Programs,7881,n/a,2499,31.7,(30.7-32.7)
27083,Lyon,2019,All age groups combined,All Programs,7682,n/a,2244,29.2,(28.2-30.2)
27083,Lyon,2020,All age groups combined,All Programs,7163,n/a,1808,25.2,(24.2-25.3)
27087,Mahnomen,2012,All age groups combined,All Programs,2592,n/a,935,36.1,(34.2-37.9)
27087,Mahnomen,2013,All age groups combined,All Programs,2668,n/a,912,34.2,(32.4-36.0)
27087,Mahnomen,2014,All age groups combined,All Programs,2666,n/a,902,33.8,(31.7-36.0)
27087,Mahnomen,2015,All age groups combined,All Programs,2810,n/a,937,33.3,(31.6-35.1)
27087,Mahnomen,2016,All age groups combined,All Programs,2964,n/a,874,29.5,(27.8-31.1)
27087,Mahnomen,2017,All age groups combined,All Programs,2967,n/a,973,32.8,(30.6-35.0)
27087,Mahnomen,2018,All age groups combined,All Programs,2996,n/a,1028,34.3,(32.6-36.0)
27087,Mahnomen,2019,All age groups combined,All Programs,3046,n/a,1012,33.2,(31.6-34.9)
27087,Mahnomen,2020,All age groups combined,All Programs,2894,n/a,889,30.7,(29.0-30.7)
27089,Marshall,2012,All age groups combined,All Programs,1597,n/a,495,31,(28.7-33.3)
27089,Marshall,2013,All age groups combined,All Programs,1511,n/a,482,31.9,(29.5-34.2)
27089,Marshall,2014,All age groups combined,All Programs,1716,n/a,503,29.3,(27.2-31.4)
27089,Marshall,2015,All age groups combined,All Programs,1956,n/a,525,26.8,(24.9-28.8)
27089,Marshall,2016,All age groups combined,All Programs,2057,n/a,567,27.6,(25.6-29.5)
27089,Marshall,2017,All age groups combined,All Programs,2106,n/a,648,30.8,(28.6-32.9)
27089,Marshall,2018,All age groups combined,All Programs,1993,n/a,578,29,(27.0-31.0)
27089,Marshall,2019,All age groups combined,All Programs,1992,n/a,554,27.8,(25.8-29.8)
27089,Marshall,2020,All age groups combined,All Programs,1878,n/a,436,23.2,(21.3-23.2)
27091,Martin,2012,All age groups combined,All Programs,4821,n/a,1542,32,(30.7-33.3)
27091,Martin,2013,All age groups combined,All Programs,4725,n/a,1531,32.4,(31.1-33.7)
27091,Martin,2014,All age groups combined,All Programs,5170,n/a,1655,32,(29.9-34.2)
27091,Martin,2015,All age groups combined,All Programs,5913,n/a,1710,28.9,(27.8-30.1)
27091,Martin,2016,All age groups combined,All Programs,6142,n/a,1857,30.2,(29.1-31.4)
27091,Martin,2017,All age groups combined,All Programs,6185,n/a,1811,29.3,(27.2-31.4)
27091,Martin,2018,All age groups combined,All Programs,6222,n/a,1833,29.5,(28.3-30.6)
27091,Martin,2019,All age groups combined,All Programs,9683,n/a,3039,31.4,(30.5-32.3)
27091,Martin,2020,All age groups combined,All Programs,5887,n/a,1797,30.5,(29.3-30.5)
27085,McLeod,2012,All age groups combined,All Programs,6555,n/a,2248,34.3,(33.1-35.4)
27085,McLeod,2013,All age groups combined,All Programs,6500,n/a,2271,34.9,(33.8-36.1)
27085,McLeod,2014,All age groups combined,All Programs,7038,n/a,2298,32.7,(30.5-34.8)
27085,McLeod,2015,All age groups combined,All Programs,8265,n/a,2626,31.8,(30.8-32.8)
27085,McLeod,2016,All age groups combined,All Programs,8621,n/a,2599,30.1,(29.2-31.1)
27085,McLeod,2017,All age groups combined,All Programs,8261,n/a,2556,30.9,(28.8-33.1)
27085,McLeod,2018,All age groups combined,All Programs,8256,n/a,2616,31.7,(30.7-32.7)
27093,Meeker,2012,All age groups combined,All Programs,4560,n/a,1459,32,(30.6-33.3)
27093,Meeker,2013,All age groups combined,All Programs,4470,n/a,1475,33,(31.6-34.4)
27093,Meeker,2014,All age groups combined,All Programs,5218,n/a,1684,32.3,(30.1-34.4)
27093,Meeker,2015,All age groups combined,All Programs,5916,n/a,1808,30.6,(29.4-31.7)
27093,Meeker,2016,All age groups combined,All Programs,6043,n/a,1917,31.7,(30.5-32.9)
27093,Meeker,2017,All age groups combined,All Programs,5794,n/a,1809,31.2,(29.1-33.4)
27093,Meeker,2018,All age groups combined,All Programs,5819,n/a,1807,31.1,(29.9-32.2)
27093,Meeker,2019,All age groups combined,All Programs,5618,n/a,1825,32.5,(31.3-33.7)
27093,Meeker,2020,All age groups combined,All Programs,5391,n/a,1463,27.1,(26.0-27.1)
27095,Mille Lacs,2012,All age groups combined,All Programs,7106,n/a,2042,28.7,(27.7-29.8)
27095,Mille Lacs,2013,All age groups combined,All Programs,7029,n/a,1994,28.4,(27.3-29.4)
27095,Mille Lacs,2014,All age groups combined,All Programs,7678,n/a,2143,27.9,(25.8-30.0)
27095,Mille Lacs,2015,All age groups combined,All Programs,8798,n/a,2306,26.2,(25.3-27.1)
27095,Mille Lacs,2016,All age groups combined,All Programs,9239,n/a,2482,26.9,(26.0-27.8)
27095,Mille Lacs,2017,All age groups combined,All Programs,8990,n/a,2656,29.5,(27.4-31.6)
27095,Mille Lacs,2018,All age groups combined,All Programs,9133,n/a,2608,28.6,(27.6-29.5)
27095,Mille Lacs,2019,All age groups combined,All Programs,8678,n/a,2542,29.3,(28.3-30.3)
27095,Mille Lacs,2020,All age groups combined,All Programs,8375,n/a,2087,24.9,(24.0-24.9)
27097,Morrison,2012,All age groups combined,All Programs,7505,n/a,2285,30.4,(29.4-31.5)
27097,Morrison,2013,All age groups combined,All Programs,7481,n/a,2351,31.4,(30.4-32.5)
27097,Morrison,2014,All age groups combined,All Programs,8817,n/a,2594,29.4,(27.3-31.5)
27097,Morrison,2015,All age groups combined,All Programs,9727,n/a,2733,28.1,(27.2-29.0)
27097,Morrison,2016,All age groups combined,All Programs,10116,n/a,2836,28,(27.2-28.9)
27097,Morrison,2017,All age groups combined,All Programs,9857,n/a,2999,30.4,(28.3-32.5)
27097,Morrison,2018,All age groups combined,All Programs,9817,n/a,2967,30.2,(29.3-31.1)
27097,Morrison,2019,All age groups combined,All Programs,9411,n/a,2950,31.3,(30.4-32.3)
27097,Morrison,2020,All age groups combined,All Programs,8971,n/a,2949,32.9,(31.9-32.9)
27099,Mower,2012,All age groups combined,All Programs,10173,n/a,2472,24.3,(23.5-25.1)
27099,Mower,2013,All age groups combined,All Programs,10096,n/a,2969,29.4,(28.5-30.3)
27099,Mower,2014,All age groups combined,All Programs,11075,n/a,3142,28.4,(26.3-30.4)
27099,Mower,2015,All age groups combined,All Programs,12162,n/a,3404,28,(27.2-28.8)
27099,Mower,2016,All age groups combined,All Programs,12703,n/a,3433,27,(26.3-27.8)
27099,Mower,2017,All age groups combined,All Programs,12724,n/a,3533,27.8,(25.7-29.8)
27099,Mower,2018,All age groups combined,All Programs,12739,n/a,3623,28.4,(27.7-29.2)
27099,Mower,2019,All age groups combined,All Programs,12978,n/a,3664,28.2,(27.5-29.0)
27099,Mower,2020,All age groups combined,All Programs,12485,n/a,3071,24.6,(23.8-24.6)
27101,Murray,2012,All age groups combined,All Programs,1477,n/a,461,31.2,(28.8-33.6)
27101,Murray,2013,All age groups combined,All Programs,1444,n/a,450,31.2,(28.8-33.6)
27101,Murray,2014,All age groups combined,All Programs,1697,n/a,533,31.4,(29.3-33.5)
27101,Murray,2015,All age groups combined,All Programs,1912,n/a,560,29.3,(27.2-31.3)
27101,Murray,2016,All age groups combined,All Programs,2127,n/a,581,27.3,(25.4-29.2)
27101,Murray,2017,All age groups combined,All Programs,2122,n/a,596,28.1,(26.0-30.2)
27101,Murray,2018,All age groups combined,All Programs,2072,n/a,597,28.8,(26.9-30.8)
27101,Murray,2019,All age groups combined,All Programs,1999,n/a,544,27.2,(25.3-29.2)
27101,Murray,2020,All age groups combined,All Programs,1896,n/a,480,25.3,(23.4-25.3)
27103,Nicollet,2012,All age groups combined,All Programs,5240,n/a,1867,35.6,(34.3-36.9)
27103,Nicollet,2013,All age groups combined,All Programs,5157,n/a,1863,36.1,(34.8-37.4)
27103,Nicollet,2014,All age groups combined,All Programs,5998,n/a,2120,35.3,(33.1-37.6)
27103,Nicollet,2015,All age groups combined,All Programs,6943,n/a,2068,29.8,(28.7-30.9)
27103,Nicollet,2016,All age groups combined,All Programs,7371,n/a,2210,30,(28.9-31.0)
27103,Nicollet,2017,All age groups combined,All Programs,7133,n/a,2310,32.4,(30.2-34.5)
27103,Nicollet,2018,All age groups combined,All Programs,7224,n/a,2389,33.1,(32.0-34.2)
27103,Nicollet,2019,All age groups combined,All Programs,7116,n/a,2264,31.8,(30.7-32.9)
27103,Nicollet,2020,All age groups combined,All Programs,6821,n/a,1897,27.8,(26.7-27.8)
27105,Nobles,2012,All age groups combined,All Programs,5713,n/a,1533,26.8,(25.7-28.0)
27105,Nobles,2013,All age groups combined,All Programs,5667,n/a,1460,25.8,(24.6-26.9)
27105,Nobles,2014,All age groups combined,All Programs,6250,n/a,1700,27.2,(25.1-29.3)
27105,Nobles,2015,All age groups combined,All Programs,7149,n/a,1701,23.8,(22.8-24.8)
27105,Nobles,2016,All age groups combined,All Programs,7419,n/a,1648,22.2,(21.3-23.2)
27105,Nobles,2017,All age groups combined,All Programs,7340,n/a,1796,24.5,(22.5-26.5)
27105,Nobles,2018,All age groups combined,All Programs,7343,n/a,2014,27.4,(26.4-28.4)
27105,Nobles,2019,All age groups combined,All Programs,7252,n/a,1808,24.9,(23.9-25.9)
27105,Nobles,2020,All age groups combined,All Programs,6837,n/a,1385,20.3,(19.3-20.3)
27107,Norman,2012,All age groups combined,All Programs,1870,n/a,613,32.8,(30.7-34.9)
27107,Norman,2013,All age groups combined,All Programs,1897,n/a,627,33.1,(30.9-35.2)
27107,Norman,2014,All age groups combined,All Programs,1982,n/a,603,30.4,(28.3-32.5)
27107,Norman,2015,All age groups combined,All Programs,2223,n/a,649,29.2,(27.3-31.1)
27107,Norman,2016,All age groups combined,All Programs,2299,n/a,658,28.6,(26.8-30.5)
27107,Norman,2017,All age groups combined,All Programs,2320,n/a,707,30.5,(28.4-32.6)
27107,Norman,2018,All age groups combined,All Programs,2228,n/a,763,34.2,(32.3-36.2)
27107,Norman,2019,All age groups combined,All Programs,2142,n/a,780,36.4,(34.4-38.5)
27107,Norman,2020,All age groups combined,All Programs,1966,n/a,639,32.5,(30.4-32.5)
27109,Olmsted,2012,All age groups combined,All Programs,25699,n/a,7823,30.4,(29.9-31.0)
27109,Olmsted,2013,All age groups combined,All Programs,25891,n/a,8531,32.9,(32.4-33.5)
27109,Olmsted,2014,All age groups combined,All Programs,29492,n/a,9285,31.5,(29.3-33.6)
27109,Olmsted,2015,All age groups combined,All Programs,33545,n/a,10188,30.4,(29.9-30.9)
27109,Olmsted,2016,All age groups combined,All Programs,35520,n/a,10688,30.1,(29.6-30.6)
27109,Olmsted,2017,All age groups combined,All Programs,34712,n/a,11316,32.6,(30.4-34.8)
27109,Olmsted,2018,All age groups combined,All Programs,34671,n/a,11923,34.4,(33.9-34.9)
27109,Olmsted,2019,All age groups combined,All Programs,34017,n/a,11757,34.6,(34.1-35.1)
27109,Olmsted,2020,All age groups combined,All Programs,33628,n/a,9956,29.6,(29.1-29.6)
27111,Otter Tail,2012,All age groups combined,All Programs,12271,n/a,4455,36.3,(35.5-37.2)
27111,Otter Tail,2013,All age groups combined,All Programs,12052,n/a,4454,37,(36.1-37.8)
27111,Otter Tail,2014,All age groups combined,All Programs,13991,n/a,5177,37,(34.8-39.2)
27111,Otter Tail,2015,All age groups combined,All Programs,15970,n/a,5576,34.9,(34.2-35.7)
27111,Otter Tail,2016,All age groups combined,All Programs,16691,n/a,5759,34.5,(33.8-35.2)
27111,Otter Tail,2017,All age groups combined,All Programs,16522,n/a,6216,37.6,(35.4-39.9)
27111,Otter Tail,2018,All age groups combined,All Programs,16534,n/a,6283,38,(37.3-38.7)
27111,Otter Tail,2019,All age groups combined,All Programs,16163,n/a,6167,38.2,(37.4-38.9)
27111,Otter Tail,2020,All age groups combined,All Programs,15456,n/a,5375,34.8,(34.0-34.8)
27113,Pennington,2012,All age groups combined,All Programs,3015,n/a,888,29.5,(27.8-31.1)
27113,Pennington,2013,All age groups combined,All Programs,2831,n/a,850,30,(28.3-31.7)
27113,Pennington,2014,All age groups combined,All Programs,2875,n/a,816,28.4,(26.3-30.5)
27113,Pennington,2015,All age groups combined,All Programs,3144,n/a,941,29.9,(28.3-31.5)
27113,Pennington,2016,All age groups combined,All Programs,3217,n/a,857,26.6,(25.1-28.2)
27113,Pennington,2017,All age groups combined,All Programs,3158,n/a,878,27.8,(25.7-29.9)
27113,Pennington,2018,All age groups combined,All Programs,3012,n/a,832,27.6,(26.0-29.2)
27113,Pennington,2019,All age groups combined,All Programs,2932,n/a,789,26.9,(25.3-28.5)
27113,Pennington,2020,All age groups combined,All Programs,2798,n/a,648,23.2,(21.6-23.2)
27115,Pine,2012,All age groups combined,All Programs,7534,n/a,2791,37,(36.0-38.1)
27115,Pine,2013,All age groups combined,All Programs,7410,n/a,2477,33.4,(32.4-34.5)
27115,Pine,2014,All age groups combined,All Programs,8259,n/a,2572,31.1,(29.0-33.3)
27115,Pine,2015,All age groups combined,All Programs,8859,n/a,2470,27.9,(26.9-28.8)
27115,Pine,2016,All age groups combined,All Programs,8918,n/a,2391,26.8,(25.9-27.7)
27115,Pine,2017,All age groups combined,All Programs,8404,n/a,2371,28.2,(26.1-30.3)
27115,Pine,2018,All age groups combined,All Programs,8423,n/a,2402,28.5,(27.6-29.5)
27115,Pine,2019,All age groups combined,All Programs,8355,n/a,2328,27.9,(26.9-28.8)
27115,Pine,2020,All age groups combined,All Programs,8247,n/a,1960,23.8,(22.8-23.8)
27117,Pipestone,2012,All age groups combined,All Programs,2186,n/a,474,21.7,(20.0-23.4)
27117,Pipestone,2013,All age groups combined,All Programs,2341,n/a,461,19.7,(18.1-21.3)
27117,Pipestone,2014,All age groups combined,All Programs,2513,n/a,546,21.7,(19.8-23.6)
27117,Pipestone,2015,All age groups combined,All Programs,2911,n/a,552,19,(17.5-20.4)
27117,Pipestone,2016,All age groups combined,All Programs,2978,n/a,643,21.6,(20.1-23.1)
27117,Pipestone,2017,All age groups combined,All Programs,2867,n/a,683,23.8,(21.9-25.8)
27117,Pipestone,2018,All age groups combined,All Programs,4707,n/a,1110,23.6,(22.4-24.8)
27117,Pipestone,2019,All age groups combined,All Programs,2679,n/a,665,24.8,(32.2-26.5)
27117,Pipestone,2020,All age groups combined,All Programs,2645,n/a,325,12.3,(11.0-12.3)
27119,Polk,2012,All age groups combined,All Programs,8230,n/a,2879,35,(34.0-36.0)
27119,Polk,2013,All age groups combined,All Programs,8136,n/a,2716,33.4,(32.4-34.4)
27119,Polk,2014,All age groups combined,All Programs,8629,n/a,2614,30.3,(28.2-32.4)
27119,Polk,2015,All age groups combined,All Programs,9519,n/a,2867,30.1,(29.2-31.0)
27119,Polk,2016,All age groups combined,All Programs,10251,n/a,2983,29.1,(28.2-30.0)
27119,Polk,2017,All age groups combined,All Programs,10078,n/a,3148,31.2,(29.1-33.4)
27119,Polk,2018,All age groups combined,All Programs,10157,n/a,3254,32,(31.1-32.9)
27119,Polk,2019,All age groups combined,All Programs,9888,n/a,3130,31.7,(30.7-32.6)
27119,Polk,2020,All age groups combined,All Programs,9401,n/a,2497,26.6,(25.7-26.6)
27121,Pope,2012,All age groups combined,All Programs,2353,n/a,873,37.1,(35.1-39.1)
27121,Pope,2013,All age groups combined,All Programs,2259,n/a,860,38.1,(36.1-40.1)
27121,Pope,2014,All age groups combined,All Programs,2550,n/a,886,34.7,(32.5-36.9)
27121,Pope,2015,All age groups combined,All Programs,2868,n/a,1000,34.9,(33.1-36.6)
27121,Pope,2016,All age groups combined,All Programs,2910,n/a,1045,35.9,(34.2-37.7)
27121,Pope,2017,All age groups combined,All Programs,2764,n/a,1128,40.8,(38.5-43.1)
27121,Pope,2018,All age groups combined,All Programs,2887,n/a,1140,39.5,(37.7-41.3)
27121,Pope,2019,All age groups combined,All Programs,2810,n/a,1057,37.6,(35.8-39.4)
27121,Pope,2020,All age groups combined,All Programs,2686,n/a,924,34.4,(32.6-34.4)
27123,Ramsey,2012,All age groups combined,All Programs,146021,n/a,54570,37.4,(37.1-37.6)
27123,Ramsey,2013,All age groups combined,All Programs,148176,n/a,55630,37.5,(37.3-37.8)
27123,Ramsey,2014,All age groups combined,All Programs,169613,n/a,59402,35,(32.8-37.2)
27123,Ramsey,2015,All age groups combined,All Programs,188445,n/a,65367,34.7,(34.5-34.9)
27123,Ramsey,2016,All age groups combined,All Programs,198187,n/a,65119,32.9,(32.7-33.1)
27123,Ramsey,2017,All age groups combined,All Programs,192151,n/a,64166,33.4,(31.2-35.6)
27123,Ramsey,2018,All age groups combined,All Programs,192037,n/a,65470,34.1,(33.9-34.3)
27123,Ramsey,2019,All age groups combined,All Programs,188425,n/a,64423,34.2,(34.0-34.4)
27123,Ramsey,2020,All age groups combined,All Programs,179530,n/a,47124,26.2,(26.0-26.3)
27125,Red Lake,2012,All age groups combined,All Programs,902,n/a,249,27.6,(24.7-30.5)
27125,Red Lake,2013,All age groups combined,All Programs,862,n/a,260,30.2,(27.1-33.2)
27125,Red Lake,2014,All age groups combined,All Programs,889,n/a,246,27.7,(25.6-29.7)
27125,Red Lake,2015,All age groups combined,All Programs,987,n/a,266,27,(24.2-29.7)
27125,Red Lake,2016,All age groups combined,All Programs,976,n/a,262,26.8,(24.1-29.6)
27125,Red Lake,2017,All age groups combined,All Programs,996,n/a,278,27.9,(25.8-30.0)
27125,Red Lake,2018,All age groups combined,All Programs,1012,n/a,279,27.6,(24.8-30.3)
27125,Red Lake,2019,All age groups combined,All Programs,1016,n/a,273,26.9,(24.1-29.6)
27125,Red Lake,2020,All age groups combined,All Programs,990,n/a,255,25.8,(23.0-25.8)
27127,Redwood,2012,All age groups combined,All Programs,3258,n/a,926,28.4,(26.9-30.0)
27127,Redwood,2013,All age groups combined,All Programs,3033,n/a,968,31.9,(30.3-33.6)
27127,Redwood,2014,All age groups combined,All Programs,3559,n/a,1011,28.4,(26.3-30.5)
27127,Redwood,2015,All age groups combined,All Programs,4064,n/a,1016,25,(23.7-26.3)
27127,Redwood,2016,All age groups combined,All Programs,4357,n/a,1169,26.8,(25.5-28.1)
27127,Redwood,2017,All age groups combined,All Programs,4293,n/a,1188,27.7,(25.6-29.7)
27127,Redwood,2018,All age groups combined,All Programs,4335,n/a,1118,25.8,(24.5-27.1)
27127,Redwood,2019,All age groups combined,All Programs,4277,n/a,1208,28.2,(26.9-29.6)
27127,Redwood,2020,All age groups combined,All Programs,4251,n/a,1049,24.7,(23.4-24.7)
27129,Renville,2012,All age groups combined,All Programs,3520,n/a,1196,34,(32.4-35.5)
27129,Renville,2013,All age groups combined,All Programs,3502,n/a,1119,32,(30.4-33.5)
27129,Renville,2014,All age groups combined,All Programs,3891,n/a,1327,34.1,(31.9-36.3)
27129,Renville,2015,All age groups combined,All Programs,4309,n/a,1501,34.8,(33.4-36.3)
27129,Renville,2016,All age groups combined,All Programs,4697,n/a,1657,35.3,(33.9-36.6)
27129,Renville,2017,All age groups combined,All Programs,4623,n/a,1673,36.2,(34.0-38.4)
27129,Renville,2018,All age groups combined,All Programs,4669,n/a,1644,35.2,(33.8-36.6)
27129,Renville,2019,All age groups combined,All Programs,4540,n/a,1548,34.1,(32.7-35.5)
27129,Renville,2020,All age groups combined,All Programs,4231,n/a,1199,28.3,(27.0-28.4)
27131,Rice,2012,All age groups combined,All Programs,10920,n/a,3916,35.9,(35.0-36.8)
27131,Rice,2013,All age groups combined,All Programs,10744,n/a,4058,37.8,(36.9-38.7)
27131,Rice,2014,All age groups combined,All Programs,13229,n/a,4829,36.5,(34.3-38.7)
27131,Rice,2015,All age groups combined,All Programs,15547,n/a,5569,35.8,(35.1-36.6)
27131,Rice,2016,All age groups combined,All Programs,16341,n/a,5305,32.5,(31.7-33.2)
27131,Rice,2017,All age groups combined,All Programs,15853,n/a,5414,34.2,(32.0-36.3)
27131,Rice,2018,All age groups combined,All Programs,15486,n/a,5530,35.7,(35.0-36.5)
27131,Rice,2019,All age groups combined,All Programs,15122,n/a,5429,35.9,(35.1-36.7)
27131,Rice,2020,All age groups combined,All Programs,14594,n/a,4468,30.6,(29.9-30.6)
27133,Rock,2012,All age groups combined,All Programs,1662,n/a,360,21.7,(19.7-23.6)
27133,Rock,2013,All age groups combined,All Programs,1628,n/a,368,22.6,(20.6-24.6)
27133,Rock,2014,All age groups combined,All Programs,1884,n/a,434,23,(21.1-25.0)
27133,Rock,2015,All age groups combined,All Programs,2232,n/a,318,14.2,(12.8-15.7)
27133,Rock,2016,All age groups combined,All Programs,2382,n/a,392,16.5,(15.0-17.9)
27133,Rock,2017,All age groups combined,All Programs,2357,n/a,384,16.3,(14.6-18.0)
27133,Rock,2018,All age groups combined,All Programs,2276,n/a,458,20.1,(18.5-21.8)
27133,Rock,2019,All age groups combined,All Programs,2159,n/a,452,20.9,(19.2-22.7)
27133,Rock,2020,All age groups combined,All Programs,2075,n/a,386,18.6,(16.9-18.6)
27135,Roseau,2012,All age groups combined,All Programs,2514,n/a,855,34,(32.2-35.9)
27135,Roseau,2013,All age groups combined,All Programs,2563,n/a,824,32.1,(30.3-34.0)
27135,Roseau,2014,All age groups combined,All Programs,2835,n/a,977,34.5,(32.3-36.7)
27135,Roseau,2015,All age groups combined,All Programs,3297,n/a,1020,30.9,(29.4-32.5)
27135,Roseau,2016,All age groups combined,All Programs,3550,n/a,1087,30.6,(29.1-32.1)
27135,Roseau,2017,All age groups combined,All Programs,3449,n/a,1130,32.8,(30.6-34.9)
27135,Roseau,2018,All age groups combined,All Programs,3373,n/a,1076,31.9,(30.3-33.5)
27135,Roseau,2019,All age groups combined,All Programs,3316,n/a,1078,32.5,(30.9-34.1)
27135,Roseau,2020,All age groups combined,All Programs,3236,n/a,778,24,(22.6-24.1)
27139,Scott,2012,All age groups combined,All Programs,15865,n/a,5837,36.8,(36.0-37.5)
27139,Scott,2013,All age groups combined,All Programs,16313,n/a,6048,37.1,(36.3-37.8)
27139,Scott,2014,All age groups combined,All Programs,20625,n/a,6970,33.8,(31.6-36.0)
27139,Scott,2015,All age groups combined,All Programs,24357,n/a,8101,33.3,(32.7-33.9)
27139,Scott,2016,All age groups combined,All Programs,26604,n/a,8193,30.8,(30.2-31.4)
27139,Scott,2017,All age groups combined,All Programs,25751,n/a,8037,31.2,(29.1-33.3)
27139,Scott,2018,All age groups combined,All Programs,25885,n/a,8900,34.4,(33.8-35.0)
27139,Scott,2019,All age groups combined,All Programs,25641,n/a,9000,35.1,(34.5-35.7)
27139,Scott,2020,All age groups combined,All Programs,26128,n/a,7164,27.4,(26.9-27.4)
27141,Sherburne,2012,All age groups combined,All Programs,13661,n/a,4591,33.6,(32.8-34.4)
27141,Sherburne,2013,All age groups combined,All Programs,13525,n/a,4440,32.8,(32.0-33.6)
27141,Sherburne,2014,All age groups combined,All Programs,16322,n/a,5007,30.7,(28.5-32.8)
27141,Sherburne,2015,All age groups combined,All Programs,18933,n/a,5450,28.8,(28.1-29.4)
27141,Sherburne,2016,All age groups combined,All Programs,19721,n/a,5673,28.8,(28.1-29.4)
27141,Sherburne,2017,All age groups combined,All Programs,19086,n/a,5710,29.9,(27.8-32.0)
27141,Sherburne,2018,All age groups combined,All Programs,19085,n/a,5817,30.5,(29.8-31.1)
27141,Sherburne,2019,All age groups combined,All Programs,19005,n/a,5894,31,(30.4-31.7)
27141,Sherburne,2020,All age groups combined,All Programs,18898,n/a,5102,27,(26.4-27.0)
27143,Sibley,2012,All age groups combined,All Programs,2770,n/a,935,33.8,(32.0-35.5)
27143,Sibley,2013,All age groups combined,All Programs,2794,n/a,964,34.5,(32.7-36.3)
27143,Sibley,2014,All age groups combined,All Programs,3201,n/a,953,29.8,(27.7-31.9)
27143,Sibley,2015,All age groups combined,All Programs,3714,n/a,1090,29.3,(27.9-30.8)
27143,Sibley,2016,All age groups combined,All Programs,4016,n/a,1255,31.3,(29.8-32.7)
27143,Sibley,2017,All age groups combined,All Programs,3924,n/a,1214,30.9,(28.8-33.1)
27143,Sibley,2018,All age groups combined,All Programs,3782,n/a,1247,33,(31.5-34.5)
27143,Sibley,2019,All age groups combined,All Programs,3701,n/a,1319,35.6,(34.1-37.2)
27143,Sibley,2020,All age groups combined,All Programs,3546,n/a,1204,34,(32.4-34.0)
27145,Stearns,2012,All age groups combined,All Programs,27600,n/a,10195,36.9,(36.4-37.5)
27145,Stearns,2013,All age groups combined,All Programs,28391,n/a,10626,37.4,(36.9-38.0)
27145,Stearns,2014,All age groups combined,All Programs,33164,n/a,11573,34.9,(32.7-37.1)
27145,Stearns,2015,All age groups combined,All Programs,38464,n/a,12816,33.3,(32.8-33.8)
27145,Stearns,2016,All age groups combined,All Programs,41899,n/a,14262,34,(33.6-34.5)
27145,Stearns,2017,All age groups combined,All Programs,41612,n/a,14449,34.7,(32.5-36.9)
27145,Stearns,2018,All age groups combined,All Programs,42324,n/a,13947,33,(32.5-33.4)
27145,Stearns,2019,All age groups combined,All Programs,41423,n/a,13577,32.8,(32.3-33.2)
27145,Stearns,2020,All age groups combined,All Programs,40031,n/a,11723,29.3,(28.8-29.3)
27147,Steele,2012,All age groups combined,All Programs,7698,n/a,2569,33.4,(32.3-34.4)
27147,Steele,2013,All age groups combined,All Programs,7834,n/a,2582,33,(31.9-34.0)
27147,Steele,2014,All age groups combined,All Programs,8821,n/a,3016,34.2,(32.0-36.4)
27147,Steele,2015,All age groups combined,All Programs,9912,n/a,3209,32.4,(31.5-33.3)
27147,Steele,2016,All age groups combined,All Programs,10407,n/a,3343,32.1,(31.2-33.0)
27147,Steele,2017,All age groups combined,All Programs,10034,n/a,3318,33.1,(30.9-35.2)
27147,Steele,2018,All age groups combined,All Programs,9752,n/a,3531,36.2,(35.3-37.2)
27147,Steele,2019,All age groups combined,All Programs,9520,n/a,3272,34.4,(33.4-35.3)
27147,Steele,2020,All age groups combined,All Programs,9025,n/a,2860,31.7,(30.7-31.7)
27149,Stevens,2012,All age groups combined,All Programs,1421,n/a,486,34.2,(31.7-36.7)
27149,Stevens,2013,All age groups combined,All Programs,1398,n/a,518,37.1,(34.5-39.6)
27149,Stevens,2014,All age groups combined,All Programs,1596,n/a,545,34.1,(32.0-36.3)
27149,Stevens,2015,All age groups combined,All Programs,1760,n/a,642,36.5,(34.2-38.7)
27149,Stevens,2016,All age groups combined,All Programs,1820,n/a,640,35.2,(33.0-37.4)
27149,Stevens,2017,All age groups combined,All Programs,1830,n/a,708,38.7,(36.4-40.9)
27149,Stevens,2018,All age groups combined,All Programs,1973,n/a,743,37.7,(35.5-39.8)
27149,Stevens,2019,All age groups combined,All Programs,1957,n/a,739,37.8,(35.6-39.9)
27149,Stevens,2020,All age groups combined,All Programs,1951,n/a,619,31.7,(29.7-31.7)
27137,St. Louis,2012,All age groups combined,All Programs,47383,n/a,16378,34.6,(34.1-35.0)
27137,St. Louis,2013,All age groups combined,All Programs,46208,n/a,15852,34.3,(33.9-34.7)
27137,St. Louis,2014,All age groups combined,All Programs,50466,n/a,16635,33,(30.8-35.1)
27137,St. Louis,2015,All age groups combined,All Programs,55160,n/a,17204,31.2,(30.8-31.6)
27137,St. Louis,2016,All age groups combined,All Programs,57058,n/a,17446,30.6,(30.2-31.0)
27137,St. Louis,2017,All age groups combined,All Programs,54418,n/a,17988,33.1,(30.9-35.2)
27137,St. Louis,2018,All age groups combined,All Programs,54150,n/a,17974,33.2,(32.8-33.6)
27137,St. Louis,2019,All age groups combined,All Programs,52875,n/a,17026,32.2,(31.8-32.6)
27137,St. Louis,2020,All age groups combined,All Programs,49864,n/a,13145,26.4,(26.0-26.4)
27151,Swift,2012,All age groups combined,All Programs,2159,n/a,722,33.4,(31.5-35.4)
27151,Swift,2013,All age groups combined,All Programs,2252,n/a,750,33.3,(31.4-35.3)
27151,Swift,2014,All age groups combined,All Programs,2467,n/a,835,33.8,(31.7-36.0)
27151,Swift,2015,All age groups combined,All Programs,2832,n/a,963,34,(32.3-35.7)
27151,Swift,2016,All age groups combined,All Programs,2942,n/a,961,32.7,(31.0-34.4)
27151,Swift,2017,All age groups combined,All Programs,2911,n/a,1018,35,(32.8-37.2)
27151,Swift,2018,All age groups combined,All Programs,2821,n/a,1010,35.8,(34.0-37.6)
27151,Swift,2019,All age groups combined,All Programs,2723,n/a,891,32.7,(31.0-34.5)
27151,Swift,2020,All age groups combined,All Programs,2727,n/a,718,26.3,(24.7-26.3)
27153,Todd,2012,All age groups combined,All Programs,5648,n/a,2015,35.7,(34.4-36.9)
27153,Todd,2013,All age groups combined,All Programs,5635,n/a,2071,36.8,(35.5-38.0)
27153,Todd,2014,All age groups combined,All Programs,6466,n/a,2281,35.3,(33.1-37.5)
27153,Todd,2015,All age groups combined,All Programs,7364,n/a,2533,34.4,(33.3-35.5)
27153,Todd,2016,All age groups combined,All Programs,7580,n/a,2528,33.4,(32.3-34.4)
27153,Todd,2017,All age groups combined,All Programs,7482,n/a,2516,33.6,(31.4-35.8)
27153,Todd,2018,All age groups combined,All Programs,7595,n/a,2456,32.3,(31.3-33.4)
27153,Todd,2019,All age groups combined,All Programs,7386,n/a,2320,31.4,(30.4-32.5)
27153,Todd,2020,All age groups combined,All Programs,6995,n/a,1973,28.2,(27.2-28.2)
27155,Traverse,2012,All age groups combined,All Programs,860,n/a,297,34.5,(31.4-37.7)
27155,Traverse,2013,All age groups combined,All Programs,866,n/a,293,33.8,(30.7-37.0)
27155,Traverse,2014,All age groups combined,All Programs,936,n/a,300,32.1,(29.9-34.2)
27155,Traverse,2015,All age groups combined,All Programs,1060,n/a,351,33.1,(30.3-35.9)
27155,Traverse,2016,All age groups combined,All Programs,1130,n/a,387,34.2,(31.5-37.0)
27155,Traverse,2017,All age groups combined,All Programs,1110,n/a,403,36.3,(34.1-38.5)
27155,Traverse,2018,All age groups combined,All Programs,1158,n/a,400,34.5,(31.8-37.3)
27155,Traverse,2019,All age groups combined,All Programs,1131,n/a,380,33.6,(30.8-36.4)
27155,Traverse,2020,All age groups combined,All Programs,1091,n/a,327,30,(27.3-30.0)
27157,Wabasha,2012,All age groups combined,All Programs,3323,n/a,945,28.4,(26.9-30.0)
27157,Wabasha,2013,All age groups combined,All Programs,3276,n/a,988,30.2,(28.6-31.7)
27157,Wabasha,2014,All age groups combined,All Programs,3909,n/a,1143,29.2,(27.1-31.3)
27157,Wabasha,2015,All age groups combined,All Programs,4662,n/a,1349,28.9,(27.6-30.2)
27157,Wabasha,2016,All age groups combined,All Programs,4925,n/a,1417,28.8,(27.5-30.0)
27157,Wabasha,2017,All age groups combined,All Programs,4594,n/a,1382,30.1,(28.0-32.2)
27157,Wabasha,2018,All age groups combined,All Programs,4482,n/a,1354,30.2,(28.9-31.6)
27157,Wabasha,2019,All age groups combined,All Programs,4386,n/a,1307,29.8,(28.4-31.2)
27157,Wabasha,2020,All age groups combined,All Programs,4216,n/a,1152,27.3,(26.0-27.3)
27159,Wadena,2012,All age groups combined,All Programs,4251,n/a,1399,32.9,(31.5-34.3)
27159,Wadena,2013,All age groups combined,All Programs,4119,n/a,1419,34.5,(33.0-35.9)
27159,Wadena,2014,All age groups combined,All Programs,4744,n/a,1608,33.9,(31.7-36.1)
27159,Wadena,2015,All age groups combined,All Programs,5220,n/a,1757,33.7,(32.4-34.9)
27159,Wadena,2016,All age groups combined,All Programs,5401,n/a,1873,34.7,(33.4-35.9)
27159,Wadena,2017,All age groups combined,All Programs,5202,n/a,1785,34.3,(32.1-36.5)
27159,Wadena,2018,All age groups combined,All Programs,5239,n/a,1867,35.6,(34.3-36.9)
27159,Wadena,2019,All age groups combined,All Programs,5265,n/a,1893,36,(34.7-37.3)
27159,Wadena,2020,All age groups combined,All Programs,5074,n/a,1504,29.6,(28.4-29.7)
27161,Waseca,2012,All age groups combined,All Programs,3790,n/a,1172,30.9,(29.5-32.4)
27161,Waseca,2013,All age groups combined,All Programs,3843,n/a,1310,34.1,(32.6-35.6)
27161,Waseca,2014,All age groups combined,All Programs,4304,n/a,1398,32.5,(30.3-34.6)
27161,Waseca,2015,All age groups combined,All Programs,4900,n/a,1656,33.8,(32.5-35.1)
27161,Waseca,2016,All age groups combined,All Programs,5287,n/a,1617,30.6,(29.3-31.8)
27161,Waseca,2017,All age groups combined,All Programs,5085,n/a,1640,32.3,(30.1-34.4)
27161,Waseca,2018,All age groups combined,All Programs,5053,n/a,1641,32.5,(31.2-33.8)
27161,Waseca,2019,All age groups combined,All Programs,4994,n/a,1605,32.1,30.8-33.4)
27161,Waseca,2020,All age groups combined,All Programs,4714,n/a,1390,29.5,(28.2-29.5)
27163,Washington,2012,All age groups combined,All Programs,26194,n/a,9506,36.3,(35.7-36.9)
27163,Washington,2013,All age groups combined,All Programs,26645,n/a,9801,36.8,(36.2-37.4)
27163,Washington,2014,All age groups combined,All Programs,33886,n/a,11672,34.4,(32.3-36.6)
27163,Washington,2015,All age groups combined,All Programs,39579,n/a,13252,33.5,(33.0-33.9)
27163,Washington,2016,All age groups combined,All Programs,42577,n/a,12976,30.5,(30.0-30.9)
27163,Washington,2017,All age groups combined,All Programs,40395,n/a,12891,31.9,(29.8-34.1)
27163,Washington,2018,All age groups combined,All Programs,40431,n/a,13187,32.6,(32.2-33.1)
27163,Washington,2019,All age groups combined,All Programs,40231,n/a,13203,32.8,(32.4-33.3)
27163,Washington,2020,All age groups combined,All Programs,40963,n/a,10748,26.2,(25.8-26.2)
27165,Watonwan,2012,All age groups combined,All Programs,2540,n/a,794,31.3,(29.5-33.1)
27165,Watonwan,2013,All age groups combined,All Programs,2484,n/a,814,32.8,(30.9-34.6)
27165,Watonwan,2014,All age groups combined,All Programs,2730,n/a,883,32.3,(30.2-34.5)
27165,Watonwan,2015,All age groups combined,All Programs,3062,n/a,835,27.3,(25.7-28.8)
27165,Watonwan,2016,All age groups combined,All Programs,3305,n/a,950,28.7,(27.2-30.3)
27165,Watonwan,2017,All age groups combined,All Programs,3265,n/a,926,28.4,(26.3-30.4)
27165,Watonwan,2018,All age groups combined,All Programs,3181,n/a,946,29.7,(28.2-31.3)
27165,Watonwan,2019,All age groups combined,All Programs,3102,n/a,892,28.8,(27.2-30.3)
27165,Watonwan,2020,All age groups combined,All Programs,3033,n/a,789,26,(24.5-26.0)
27167,Wilkin,2012,All age groups combined,All Programs,1466,n/a,461,31.4,(29.1-33.8)
27167,Wilkin,2013,All age groups combined,All Programs,1559,n/a,435,27.9,(25.7-30.1)
27167,Wilkin,2014,All age groups combined,All Programs,1682,n/a,482,28.7,(26.6-30.7)
27167,Wilkin,2015,All age groups combined,All Programs,1803,n/a,510,28.3,(26.2-30.4)
27167,Wilkin,2016,All age groups combined,All Programs,1878,n/a,535,28.5,(26.4-30.5)
27167,Wilkin,2017,All age groups combined,All Programs,1898,n/a,581,30.6,(28.5-32.7)
27167,Wilkin,2018,All age groups combined,All Programs,1839,n/a,554,30.1,(28.0-32.2)
27167,Wilkin,2019,All age groups combined,All Programs,1812,n/a,544,30,(27.9-32.1)
27167,Wilkin,2020,All age groups combined,All Programs,1687,n/a,480,28.5,(26.3-28.5)
27169,Winona,2012,All age groups combined,All Programs,8092,n/a,2676,33.1,(32.0-34.1)
27169,Winona,2013,All age groups combined,All Programs,8048,n/a,2764,34.3,(33.3-35.4)
27169,Winona,2014,All age groups combined,All Programs,9394,n/a,2826,30.1,(28.0-32.2)
27169,Winona,2015,All age groups combined,All Programs,10432,n/a,3043,29.2,(28.3-30.0)
27169,Winona,2016,All age groups combined,All Programs,10668,n/a,3059,28.7,(27.8-29.5)
27169,Winona,2017,All age groups combined,All Programs,10027,n/a,3029,30.2,(28.1-32.3)
27169,Winona,2018,All age groups combined,All Programs,10038,n/a,3082,30.7,(29.8-31.6)
27169,Winona,2019,All age groups combined,All Programs,9855,n/a,3200,32.5,(31.5-33.4)
27169,Winona,2020,All age groups combined,All Programs,9681,n/a,2872,29.7,(28.8-29.7)
27171,Wright,2012,All age groups combined,All Programs,17716,n/a,6075,34.3,(33.6-35.0)
27171,Wright,2013,All age groups combined,All Programs,17762,n/a,5857,33,(32.3-33.7)
27171,Wright,2014,All age groups combined,All Programs,21198,n/a,6616,31.2,(29.1-33.3)
27171,Wright,2015,All age groups combined,All Programs,24796,n/a,7597,30.6,(30.1-31.2)
27171,Wright,2016,All age groups combined,All Programs,26151,n/a,7587,29,(28.5-29.6)
27171,Wright,2017,All age groups combined,All Programs,24742,n/a,7653,30.9,(28.8-33.1)
27171,Wright,2018,All age groups combined,All Programs,24466,n/a,7774,31.8,(31.2-32.4)
27171,Wright,2019,All age groups combined,All Programs,24125,n/a,7515,31.2,(30.6-31.7)
27171,Wright,2020,All age groups combined,All Programs,23910,n/a,6416,26.8,(26.3-26.8)
27173,Yellow Medicine,2012,All age groups combined,All Programs,2018,n/a,679,33.6,(31.6-35.7)
27173,Yellow Medicine,2013,All age groups combined,All Programs,7119,n/a,2993,42,(40.9-43.2)
27173,Yellow Medicine,2014,All age groups combined,All Programs,2291,n/a,764,33.3,(31.2-35.5)
27173,Yellow Medicine,2015,All age groups combined,All Programs,2643,n/a,944,35.7,(33.9-37.5)
27173,Yellow Medicine,2016,All age groups combined,All Programs,2739,n/a,1005,36.7,(34.9-38.5)
27173,Yellow Medicine,2017,All age groups combined,All Programs,2759,n/a,1030,37.3,(35.1-39.6)
27173,Yellow Medicine,2018,All age groups combined,All Programs,2707,n/a,1048,38.7,(36.9-40.5)
27173,Yellow Medicine,2019,All age groups combined,All Programs,2736,n/a,1041,38,(36.2-39.9)
27173,Yellow Medicine,2020,All age groups combined,All Programs,2578,n/a,874,33.9,(32.1-33.9)
27000,Minnesota,2012,All age groups combined,All Programs,1080566,n/a,381201,35.3,(35.2-35.4)
27000,Minnesota,2013,All age groups combined,All Programs,1083945,n/a,384856,35.5,(35.4-35.6)
27000,Minnesota,2014,All age groups combined,All Programs,1242998,n/a,418979,33.7,(33.6-33.8)
27000,Minnesota,2015,All age groups combined,All Programs,1416026,n/a,459373,32.4,(32.4-32.5)
27000,Minnesota,2016,All age groups combined,All Programs,1495571,n/a,463405,31,(30.9-31.1)
27000,Minnesota,2017,All age groups combined,All Programs,1445174,n/a,468819,32.4,(30.3-34.6)
27000,Minnesota,2018,All age groups combined,All Programs,1442580,n/a,483315,33.5,(33.4-33.6)
27000,Minnesota,2019,All age groups combined,All Programs,1411742,n/a,476702,33.8,(33.7-33.8)
27000,Minnesota,2020,All age groups combined,All Programs,1368245,n/a,376489,27.5,(27.4-27.6)
